,,R_Arm,R_Arm,R_Arm,R_Shoulder,R_Shoulder,R_Shoulder,R_Forearm,R_Forearm,R_Forearm,R_Wrist,R_Wrist,R_Wrist
Frame,Time,X,Y,Z,X,Y,Z,X,Y,Z,X,Y,Z
0,0,0.934579,1.345823,1.048112,0.875761,1.511705,1.119598,0.911102,1.148441,0.896224,0.889713,1.063682,0.808008
1,0.008333,0.934157,1.345669,1.04678,0.875712,1.511626,1.118617,0.910231,1.148168,0.895157,0.888383,1.063263,0.806697
2,0.016667,0.933658,1.345582,1.045518,0.8757,1.511535,1.117643,0.909164,1.147869,0.89399,0.887115,1.062728,0.80574
3,0.025,0.933269,1.345476,1.044219,0.875663,1.511462,1.116585,0.908105,1.147643,0.892776,0.885657,1.06231,0.804991
4,0.033333,0.932874,1.345392,1.042911,0.875568,1.511354,1.115611,0.907,1.14734,0.891635,0.88413,1.06196,0.804228
5,0.041667,0.932389,1.345254,1.041675,0.87548,1.51131,1.114511,0.905848,1.147229,0.890471,0.882541,1.061669,0.803424
6,0.05,0.931988,1.345112,1.040323,0.875446,1.511234,1.113503,0.90474,1.147123,0.889215,0.880882,1.061379,0.802438
7,0.058333,0.931497,1.345055,1.038887,0.875377,1.511165,1.11252,0.903389,1.146992,0.887982,0.878936,1.061158,0.801443
8,0.066667,0.930992,1.344998,1.037622,0.875282,1.511066,1.111466,0.901956,1.146796,0.886786,0.876836,1.060957,0.800518
9,0.075,0.930518,1.344945,1.036242,0.875123,1.511033,1.110276,0.900444,1.146832,0.885488,0.874784,1.060855,0.799542
10,0.083333,0.92997,1.34489,1.034899,0.875006,1.510926,1.109151,0.898963,1.146917,0.884356,0.872671,1.06079,0.798439
11,0.091667,0.929445,1.344822,1.033502,0.87489,1.51083,1.108177,0.89736,1.146929,0.883096,0.870462,1.060822,0.797404
12,0.1,0.928786,1.344771,1.032142,0.874771,1.510735,1.107112,0.895595,1.146984,0.881873,0.868087,1.060805,0.796361
13,0.108333,0.928268,1.344748,1.030678,0.874542,1.510588,1.105824,0.893735,1.14698,0.88069,0.865697,1.061008,0.79517
14,0.116667,0.927635,1.344705,1.029334,0.874346,1.510416,1.104689,0.891683,1.146754,0.87956,0.863235,1.061237,0.794066
15,0.125,0.927082,1.344658,1.027943,0.874194,1.510283,1.103696,0.889851,1.146908,0.878294,0.860731,1.061461,0.792857
16,0.133333,0.92644,1.344663,1.026527,0.874056,1.51022,1.102608,0.887942,1.146862,0.877029,0.858071,1.061662,0.791688
17,0.141667,0.925788,1.34451,1.02514,0.873896,1.510272,1.10136,0.885985,1.147037,0.87574,0.855501,1.062094,0.790501
18,0.15,0.925113,1.344489,1.023824,0.873757,1.510152,1.100411,0.884043,1.147189,0.874524,0.852641,1.062469,0.789332
19,0.158333,0.924515,1.344461,1.022266,0.873631,1.510067,1.099345,0.882115,1.147531,0.873105,0.849864,1.062865,0.788202
20,0.166667,0.923857,1.344454,1.020953,0.873518,1.509994,1.098252,0.880053,1.14779,0.87182,0.84703,1.063433,0.786996
21,0.175,0.923217,1.344458,1.019417,0.873306,1.509889,1.097154,0.877969,1.148076,0.87056,0.843975,1.063964,0.785826
22,0.183333,0.922485,1.34439,1.018106,0.873084,1.509938,1.09599,0.875841,1.14845,0.869352,0.840953,1.06448,0.78466
23,0.191667,0.921759,1.344344,1.016701,0.872899,1.509833,1.094874,0.873663,1.148759,0.868156,0.83778,1.065191,0.7835
24,0.2,0.921112,1.344402,1.015246,0.8728,1.509766,1.093867,0.87102,1.148776,0.86686,0.834598,1.06597,0.782464
25,0.208333,0.920353,1.344413,1.013937,0.872591,1.509673,1.092826,0.868893,1.149073,0.865947,0.831313,1.066691,0.781299
26,0.216667,0.919745,1.344465,1.012367,0.872286,1.509638,1.091559,0.866744,1.14969,0.864769,0.828058,1.067471,0.780236
27,0.225,0.919016,1.344485,1.011071,0.87208,1.509572,1.09046,0.864547,1.150157,0.86364,0.824561,1.06849,0.77926
28,0.233333,0.918438,1.344548,1.009513,0.871861,1.509443,1.089341,0.862338,1.150898,0.862283,0.821176,1.069428,0.778251
29,0.241667,0.917752,1.344521,1.008241,0.871575,1.509527,1.088134,0.859896,1.151566,0.860772,0.817537,1.070657,0.777294
30,0.25,0.917188,1.344288,1.007262,0.871365,1.509506,1.087149,0.857547,1.152112,0.859704,0.813814,1.071851,0.776409
31,0.258333,0.916609,1.344474,1.00591,0.871192,1.509434,1.086138,0.855262,1.152964,0.85888,0.81008,1.073105,0.77566
32,0.266667,0.916136,1.344605,1.004465,0.871028,1.509447,1.085071,0.852942,1.153901,0.858143,0.806152,1.074536,0.774939
33,0.275,0.91562,1.344778,1.003155,0.870737,1.509533,1.083842,0.850575,1.154807,0.857381,0.802235,1.076212,0.774271
34,0.283333,0.915203,1.344948,1.001793,0.870543,1.509559,1.082675,0.848217,1.155956,0.856495,0.798312,1.078001,0.773757
35,0.291667,0.914697,1.345105,1.000569,0.870327,1.509569,1.081577,0.845817,1.157037,0.855782,0.794198,1.079923,0.773343
36,0.3,0.914217,1.345079,0.999163,0.870006,1.509555,1.080381,0.84343,1.158341,0.855102,0.790098,1.082039,0.772933
37,0.308333,0.913807,1.345303,0.997846,0.869692,1.509795,1.079232,0.841027,1.159546,0.854492,0.785991,1.084165,0.772639
38,0.316667,0.913378,1.345492,0.996496,0.869382,1.509766,1.078107,0.83862,1.160943,0.853944,0.781781,1.086661,0.77255
39,0.325,0.913036,1.345711,0.995275,0.869103,1.509849,1.077134,0.836122,1.162339,0.853455,0.777601,1.089109,0.772318
40,0.333333,0.912618,1.345949,0.994155,0.868836,1.510128,1.076071,0.833655,1.163887,0.85305,0.773327,1.091592,0.772255
41,0.341667,0.912111,1.346118,0.992949,0.868611,1.510196,1.075092,0.83121,1.165504,0.852606,0.769156,1.094259,0.772308
42,0.35,0.911677,1.34634,0.991957,0.868416,1.510113,1.074303,0.828772,1.166929,0.852457,0.764887,1.09712,0.772428
43,0.358333,0.911299,1.34658,0.990753,0.86826,1.510129,1.073498,0.826261,1.168623,0.852262,0.760532,1.10002,0.772669
44,0.366667,0.910857,1.346772,0.989601,0.868042,1.510166,1.07239,0.823938,1.170447,0.852065,0.756197,1.103105,0.773109
45,0.375,0.910462,1.346922,0.988653,0.867915,1.510146,1.071617,0.821658,1.172387,0.851872,0.751901,1.106548,0.773439
46,0.383333,0.910136,1.347115,0.987492,0.867818,1.510114,1.070798,0.819389,1.174449,0.851723,0.747507,1.110231,0.773876
47,0.391667,0.909801,1.34725,0.986395,0.867651,1.509964,1.069958,0.817227,1.176671,0.851721,0.743083,1.114108,0.774449
48,0.4,0.909517,1.347153,0.985437,0.867539,1.509922,1.069138,0.814933,1.17903,0.851713,0.738806,1.118244,0.775143
49,0.408333,0.90936,1.347301,0.98442,0.867378,1.509873,1.068459,0.812809,1.181524,0.851869,0.734378,1.122703,0.775984
50,0.416667,0.909193,1.347605,0.983375,0.867255,1.509977,1.067567,0.810694,1.184101,0.852018,0.73014,1.127257,0.776991
51,0.425,0.908933,1.347692,0.982456,0.867152,1.509754,1.066942,0.808479,1.18681,0.852359,0.725745,1.13205,0.778074
52,0.433333,0.908701,1.347906,0.981647,0.867095,1.50964,1.066228,0.806452,1.189642,0.852721,0.721333,1.137119,0.779346
53,0.441667,0.90845,1.348157,0.98064,0.867027,1.509549,1.065638,0.804358,1.192705,0.853113,0.717238,1.142437,0.78071
54,0.45,0.908165,1.348482,0.979629,0.866969,1.509468,1.064944,0.802387,1.195787,0.853598,0.713094,1.148037,0.782235
55,0.458333,0.907767,1.348623,0.978657,0.866896,1.509411,1.064324,0.80063,1.199033,0.854142,0.70902,1.15378,0.784031
56,0.466667,0.907479,1.348911,0.97773,0.866697,1.509415,1.063398,0.798901,1.202528,0.854717,0.705117,1.159928,0.785937
57,0.475,0.907195,1.349126,0.976661,0.866532,1.509404,1.062786,0.797115,1.206001,0.855421,0.701203,1.16637,0.788043
58,0.483333,0.906861,1.349345,0.975626,0.866424,1.50942,1.062171,0.795601,1.209595,0.856202,0.69739,1.173093,0.790425
59,0.491667,0.906652,1.34963,0.974737,0.866257,1.509339,1.061404,0.793806,1.213456,0.857138,0.693704,1.179792,0.792814
60,0.5,0.906455,1.349993,0.973674,0.866158,1.509346,1.060881,0.792089,1.21744,0.858179,0.690137,1.186653,0.795411
61,0.508333,0.906188,1.350359,0.972833,0.866084,1.509337,1.060259,0.790533,1.221307,0.859253,0.68669,1.193613,0.798199
62,0.516667,0.905839,1.3506,0.971777,0.866066,1.509321,1.059867,0.788821,1.225335,0.860515,0.683438,1.200755,0.801078
63,0.525,0.905474,1.351029,0.97073,0.865834,1.509324,1.059104,0.787483,1.229405,0.861708,0.680442,1.20793,0.804083
64,0.533333,0.904971,1.351449,0.969839,0.865709,1.509287,1.058525,0.786186,1.233431,0.86287,0.677565,1.21526,0.807371
65,0.541667,0.904334,1.351678,0.968802,0.865612,1.509233,1.058043,0.785082,1.237504,0.864198,0.675132,1.222615,0.810643
66,0.55,0.903814,1.352097,0.967833,0.865517,1.509199,1.057596,0.784174,1.241388,0.865449,0.672787,1.229802,0.81401
67,0.558333,0.903295,1.352417,0.966693,0.865438,1.509184,1.057069,0.783082,1.245336,0.866772,0.670893,1.236897,0.817373
68,0.566667,0.902904,1.35272,0.965814,0.865343,1.509187,1.05666,0.782294,1.249208,0.868125,0.669172,1.243809,0.820773
69,0.575,0.902646,1.353089,0.964952,0.865257,1.509215,1.056225,0.781608,1.252871,0.869372,0.667813,1.25039,0.824082
70,0.583333,0.902399,1.353544,0.964007,0.865204,1.509234,1.055821,0.781014,1.256342,0.870573,0.666428,1.256542,0.82732
71,0.591667,0.902146,1.353786,0.963173,0.865046,1.509338,1.055261,0.780573,1.25975,0.871729,0.665426,1.262534,0.830481
72,0.6,0.90202,1.354127,0.962465,0.864992,1.509383,1.054922,0.780164,1.26274,0.872825,0.664449,1.268135,0.833535
73,0.608333,0.90181,1.354505,0.961739,0.8649,1.509451,1.05459,0.779695,1.26573,0.87391,0.663701,1.273447,0.836624
74,0.616667,0.901531,1.35493,0.961022,0.864862,1.509489,1.054286,0.779246,1.268589,0.87498,0.663062,1.278455,0.83954
75,0.625,0.901196,1.355182,0.96037,0.864841,1.509539,1.053887,0.778982,1.271223,0.876043,0.662685,1.283076,0.842371
76,0.633333,0.900905,1.355544,0.959801,0.8648,1.50959,1.053597,0.778975,1.273531,0.877055,0.662558,1.287376,0.845095
77,0.641667,0.900602,1.355831,0.959267,0.864687,1.509566,1.053216,0.778909,1.275663,0.87798,0.662452,1.291066,0.847633
78,0.65,0.900446,1.35621,0.958788,0.864645,1.509614,1.052976,0.778882,1.277624,0.878844,0.662662,1.294526,0.849899
79,0.658333,0.900202,1.356362,0.958285,0.864602,1.509694,1.052709,0.778917,1.279268,0.879687,0.663022,1.297417,0.852023
80,0.666667,0.900078,1.356561,0.957846,0.864592,1.509766,1.05241,0.779012,1.280649,0.880425,0.663208,1.299738,0.853973
81,0.675,0.900061,1.356758,0.957571,0.864591,1.509827,1.05222,0.779163,1.281649,0.880982,0.663723,1.301598,0.855531
82,0.683333,0.900149,1.356917,0.957393,0.864615,1.509882,1.052052,0.779298,1.282481,0.881462,0.664083,1.30295,0.856852
83,0.691667,0.900325,1.357075,0.9572,0.864671,1.509893,1.051936,0.779459,1.283024,0.881829,0.664458,1.303801,0.857984
84,0.7,0.90049,1.357137,0.957147,0.864764,1.509868,1.051853,0.779729,1.283263,0.882077,0.664968,1.304476,0.858797
85,0.708333,0.900685,1.357152,0.957168,0.864879,1.509833,1.051767,0.78014,1.283227,0.882347,0.665181,1.304606,0.859604
86,0.716667,0.901004,1.357161,0.957294,0.865017,1.509778,1.05172,0.780472,1.283198,0.882567,0.665484,1.304409,0.860195
87,0.725,0.901315,1.357085,0.957381,0.865177,1.509721,1.051687,0.78084,1.282947,0.882743,0.665843,1.30395,0.860798
88,0.733333,0.90175,1.357006,0.95751,0.865381,1.509659,1.051647,0.781307,1.282423,0.882838,0.666385,1.302997,0.861071
89,0.741667,0.902242,1.35688,0.957647,0.865719,1.509685,1.051741,0.781854,1.281732,0.882945,0.666947,1.301855,0.8612
90,0.75,0.902915,1.356717,0.957817,0.865962,1.509628,1.051774,0.782694,1.280802,0.883138,0.667538,1.300264,0.861102
91,0.758333,0.903609,1.356603,0.958325,0.866237,1.509549,1.051839,0.783391,1.279687,0.883184,0.668316,1.298369,0.860742
92,0.766667,0.904292,1.356441,0.958599,0.866562,1.509325,1.05205,0.784069,1.278492,0.883233,0.669006,1.296122,0.860305
93,0.775,0.90514,1.356091,0.959178,0.866867,1.509253,1.052165,0.785047,1.276875,0.883261,0.669924,1.293634,0.859714
94,0.783333,0.906018,1.355809,0.959677,0.867236,1.509195,1.052265,0.78595,1.275371,0.883292,0.670594,1.290868,0.859188
95,0.791667,0.906935,1.355547,0.960367,0.867614,1.509182,1.052369,0.787038,1.273681,0.883389,0.671562,1.288065,0.858529
96,0.8,0.907859,1.355286,0.960943,0.868103,1.509232,1.052709,0.788033,1.271943,0.883421,0.672517,1.284953,0.858039
97,0.808333,0.90894,1.355059,0.961529,0.868575,1.509158,1.052773,0.789353,1.270027,0.883565,0.673948,1.282015,0.857383
98,0.816667,0.909957,1.354716,0.962196,0.869101,1.508916,1.053025,0.790533,1.268295,0.883661,0.675144,1.278893,0.856965
99,0.825,0.911107,1.354303,0.96277,0.869643,1.508822,1.053231,0.791928,1.266331,0.883797,0.676655,1.27557,0.856429
100,0.833333,0.912269,1.354002,0.963305,0.870225,1.508697,1.053366,0.793548,1.264404,0.883815,0.678386,1.272445,0.855677
101,0.841667,0.913541,1.353621,0.964053,0.870831,1.508615,1.053494,0.795048,1.262368,0.883856,0.679976,1.268872,0.854996
102,0.85,0.914836,1.353149,0.964724,0.87159,1.50842,1.053823,0.796575,1.260297,0.883743,0.681858,1.265345,0.853999
103,0.858333,0.916217,1.352786,0.965498,0.872213,1.508317,1.053978,0.798309,1.258042,0.883835,0.683849,1.261555,0.852947
104,0.866667,0.917614,1.352453,0.966296,0.872946,1.508249,1.054132,0.800133,1.255654,0.883964,0.685984,1.257563,0.851803
105,0.875,0.919136,1.351991,0.967123,0.87377,1.50815,1.054643,0.802417,1.253276,0.884359,0.688031,1.25331,0.850583
106,0.883333,0.920547,1.351611,0.967867,0.874564,1.508113,1.054807,0.804402,1.250677,0.884137,0.690146,1.248903,0.84929
107,0.891667,0.922165,1.351391,0.968612,0.875443,1.508116,1.05503,0.806207,1.248137,0.883826,0.692565,1.24419,0.847854
108,0.9,0.923726,1.351135,0.969622,0.876383,1.508063,1.055451,0.808338,1.245506,0.883369,0.695182,1.239363,0.846124
109,0.908333,0.925481,1.350872,0.970579,0.877353,1.508116,1.055759,0.81048,1.242679,0.882831,0.697409,1.234239,0.844391
110,0.916667,0.927153,1.3507,0.971366,0.878431,1.508051,1.056213,0.812577,1.239617,0.88223,0.700079,1.229057,0.842367
111,0.925,0.928813,1.350481,0.972079,0.87943,1.508077,1.056396,0.814879,1.236805,0.88156,0.702959,1.223787,0.840407
112,0.933333,0.930474,1.35023,0.972903,0.880603,1.507992,1.056801,0.817218,1.233795,0.880799,0.705888,1.218514,0.838369
113,0.941667,0.932121,1.349848,0.973614,0.881706,1.50798,1.05691,0.819474,1.230777,0.879916,0.709074,1.213194,0.836372
114,0.95,0.933637,1.349556,0.974364,0.882926,1.507885,1.057347,0.821822,1.227851,0.879193,0.712383,1.207707,0.834267
115,0.958333,0.935071,1.3493,0.974804,0.884068,1.507844,1.057403,0.824337,1.224715,0.87826,0.715813,1.201968,0.831932
116,0.966667,0.936588,1.349079,0.975277,0.885278,1.50779,1.05767,0.826937,1.221593,0.877281,0.719361,1.196138,0.82952
117,0.975,0.938,1.348779,0.975902,0.886427,1.50779,1.057661,0.829527,1.218233,0.876236,0.723117,1.18993,0.826922
118,0.983333,0.939447,1.348559,0.976376,0.887697,1.507737,1.057962,0.832161,1.214844,0.875102,0.726958,1.183604,0.824302
119,0.991667,0.940871,1.34832,0.97695,0.888894,1.507733,1.057954,0.834859,1.211201,0.873724,0.731323,1.176908,0.821339
120,1,0.942452,1.348155,0.977367,0.890186,1.5077,1.058394,0.837642,1.207405,0.872231,0.735557,1.170084,0.818342
121,1.008333,0.943914,1.348022,0.977751,0.891455,1.507681,1.058467,0.840541,1.203495,0.870547,0.740347,1.162964,0.815226
122,1.016667,0.945406,1.348115,0.978089,0.892759,1.507618,1.058789,0.843541,1.19944,0.868958,0.744821,1.156153,0.812362
123,1.025,0.946903,1.348071,0.978343,0.894076,1.507542,1.058855,0.846584,1.19564,0.867331,0.749766,1.149646,0.809484
124,1.033333,0.948294,1.347923,0.97859,0.895492,1.507422,1.059076,0.849672,1.191978,0.865919,0.754774,1.143336,0.806876
125,1.041667,0.949669,1.347561,0.978842,0.896949,1.507251,1.059292,0.852758,1.188619,0.864513,0.759777,1.137363,0.804638
126,1.05,0.951068,1.347299,0.978951,0.898313,1.50712,1.059065,0.855905,1.185197,0.863252,0.765003,1.131577,0.802449
127,1.058333,0.952618,1.346914,0.979066,0.899734,1.506876,1.058991,0.859194,1.181868,0.86202,0.770369,1.125965,0.800344
128,1.066667,0.954153,1.346557,0.979187,0.901141,1.506825,1.058807,0.862565,1.178623,0.86068,0.775924,1.120281,0.798344
129,1.075,0.955823,1.346183,0.979239,0.902558,1.506623,1.058535,0.866193,1.175221,0.859423,0.781809,1.114619,0.796095
130,1.083333,0.95765,1.345757,0.979274,0.903915,1.506515,1.058257,0.869891,1.171902,0.85807,0.788001,1.10886,0.793825
131,1.091667,0.959411,1.345298,0.979296,0.905326,1.506226,1.05805,0.87364,1.168628,0.856687,0.794123,1.103216,0.791806
132,1.1,0.961064,1.34502,0.979258,0.90667,1.506046,1.057493,0.877699,1.165311,0.855403,0.800368,1.097741,0.7897
133,1.108333,0.96259,1.344508,0.979187,0.908049,1.505792,1.05729,0.881664,1.162283,0.854118,0.806771,1.092647,0.787834
134,1.116667,0.964006,1.344147,0.979086,0.909336,1.505557,1.056774,0.885942,1.15931,0.853047,0.813277,1.087863,0.78609
135,1.125,0.96531,1.34387,0.978838,0.910708,1.505254,1.056397,0.890149,1.156674,0.852069,0.819799,1.083443,0.784599
136,1.133333,0.966582,1.343473,0.978578,0.912025,1.505076,1.05577,0.894299,1.15403,0.851235,0.826143,1.07935,0.783346
137,1.141667,0.967902,1.343245,0.978204,0.913423,1.504929,1.055385,0.898544,1.151713,0.850597,0.832627,1.075526,0.78231
138,1.15,0.969436,1.342988,0.978046,0.914781,1.504738,1.05508,0.902673,1.149587,0.849984,0.839019,1.071839,0.781329
139,1.158333,0.97108,1.34277,0.977922,0.916168,1.504629,1.054599,0.90725,1.147929,0.849719,0.845344,1.068345,0.780547
140,1.166667,0.972906,1.342527,0.977952,0.917664,1.504561,1.054282,0.911499,1.14603,0.849198,0.851827,1.064959,0.779856
141,1.175,0.974915,1.342358,0.97799,0.919167,1.504442,1.054108,0.915769,1.144131,0.848816,0.858027,1.061772,0.779215
142,1.183333,0.976987,1.342203,0.978057,0.920608,1.50439,1.0537,0.920106,1.142292,0.848373,0.864442,1.058733,0.778671
143,1.191667,0.97907,1.342126,0.978122,0.922149,1.504282,1.053452,0.92445,1.140515,0.848086,0.870643,1.055814,0.778139
144,1.2,0.981138,1.342136,0.978173,0.923708,1.504391,1.053186,0.928648,1.138986,0.847603,0.876743,1.053153,0.777765
145,1.208333,0.983064,1.341931,0.978181,0.925221,1.504276,1.052931,0.932887,1.137463,0.847317,0.882725,1.050554,0.77735
146,1.216667,0.984925,1.341851,0.97813,0.926819,1.504332,1.05264,0.937036,1.135978,0.847223,0.88862,1.048094,0.777006
147,1.225,0.986675,1.341761,0.978007,0.92833,1.504147,1.052258,0.940949,1.134565,0.846881,0.894462,1.045769,0.776765
148,1.233333,0.988291,1.341664,0.977849,0.929924,1.504102,1.051893,0.945022,1.133205,0.846782,0.900228,1.043443,0.776538
149,1.241667,0.989957,1.341522,0.977565,0.931447,1.503966,1.051642,0.949065,1.132102,0.846119,0.905893,1.041126,0.776374
150,1.25,0.991701,1.341432,0.977201,0.933017,1.503845,1.051399,0.953036,1.130378,0.846354,0.911621,1.038944,0.776325
151,1.258333,0.99333,1.341272,0.976914,0.934416,1.503714,1.050884,0.957107,1.129066,0.846105,0.917251,1.036718,0.776368
152,1.266667,0.99512,1.341165,0.976679,0.935942,1.503559,1.050532,0.961258,1.127936,0.845773,0.922703,1.034633,0.776482
153,1.275,0.996968,1.34106,0.976391,0.937372,1.503518,1.050047,0.965284,1.126619,0.845753,0.928193,1.032684,0.776714
154,1.283333,0.998793,1.340957,0.976194,0.938875,1.503302,1.049758,0.969239,1.125626,0.84577,0.933465,1.030814,0.776957
155,1.291667,1.000744,1.34085,0.976128,0.94038,1.5033,1.04946,0.97308,1.124697,0.845751,0.938616,1.029123,0.777224
156,1.3,1.002679,1.340814,0.975958,0.941862,1.503137,1.049157,0.976636,1.123403,0.846246,0.943631,1.02753,0.777568
157,1.308333,1.004585,1.340701,0.975928,0.943392,1.503174,1.048937,0.980263,1.122905,0.845945,0.948498,1.02603,0.777895
158,1.316667,1.006454,1.340653,0.97593,0.94492,1.503101,1.048809,0.98366,1.122061,0.846174,0.953247,1.024673,0.778229
159,1.325,1.008278,1.340589,0.976032,0.946414,1.503107,1.048618,0.9871,1.121294,0.846306,0.957927,1.023375,0.778525
160,1.333333,1.010071,1.340585,0.97618,0.947984,1.503081,1.048524,0.99037,1.120577,0.84646,0.962532,1.022109,0.778839
161,1.341667,1.011773,1.340587,0.976317,0.94961,1.503026,1.048609,0.993719,1.119652,0.846691,0.967097,1.020882,0.779151
162,1.35,1.013434,1.340523,0.976352,0.951111,1.503011,1.048467,0.996939,1.119136,0.846661,0.971593,1.019703,0.779375
163,1.358333,1.01514,1.340498,0.976376,0.952711,1.502996,1.048468,1.00009,1.118337,0.846892,0.975896,1.018622,0.779683
164,1.366667,1.016874,1.340473,0.976387,0.954334,1.502971,1.048482,1.003326,1.117811,0.846976,0.979959,1.017587,0.77999
165,1.375,1.018474,1.340469,0.976291,0.955836,1.50292,1.048261,1.006328,1.117126,0.847113,0.984017,1.016608,0.780241
166,1.383333,1.020145,1.34043,0.976243,0.957412,1.502817,1.048204,1.009203,1.116669,0.847251,0.987839,1.015892,0.780554
167,1.391667,1.021865,1.340406,0.976098,0.958892,1.502753,1.047897,1.01204,1.116343,0.847145,0.99138,1.015128,0.780681
168,1.4,1.023564,1.340403,0.975962,0.960438,1.502651,1.047738,1.01479,1.116053,0.847063,0.994859,1.01464,0.780769
169,1.408333,1.025249,1.340208,0.975873,0.961866,1.502541,1.04741,1.017343,1.115836,0.846974,0.998038,1.014061,0.780798
170,1.416667,1.026999,1.340146,0.975711,0.963396,1.502391,1.047215,1.019908,1.116232,0.84608,1.001033,1.013695,0.780661
171,1.425,1.028645,1.340029,0.975579,0.964832,1.502179,1.046942,1.02222,1.116012,0.845897,1.003816,1.01343,0.780375
172,1.433333,1.030355,1.339973,0.975343,0.966252,1.502062,1.046605,1.02447,1.115985,0.845548,1.006349,1.013235,0.780074
173,1.441667,1.032022,1.339806,0.975104,0.96779,1.50195,1.046302,1.026545,1.115945,0.845057,1.008675,1.013113,0.779653
174,1.45,1.033628,1.339747,0.974676,0.969142,1.501836,1.045701,1.028513,1.115816,0.844594,1.010905,1.012977,0.779058
175,1.458333,1.035162,1.339653,0.974331,0.970558,1.501678,1.045313,1.030293,1.115803,0.844005,1.012926,1.012865,0.778491
176,1.466667,1.036667,1.339688,0.97379,0.97188,1.501618,1.044662,1.031958,1.115763,0.843383,1.014712,1.012768,0.777743
177,1.475,1.038063,1.339501,0.973114,0.973135,1.501536,1.043856,1.033459,1.115656,0.842627,1.016314,1.012637,0.777052
178,1.483333,1.039254,1.339419,0.972383,0.974355,1.501366,1.043074,1.034827,1.115528,0.841906,1.017598,1.012583,0.776229
179,1.491667,1.040458,1.33934,0.971392,0.975524,1.501288,1.042184,1.035875,1.115445,0.841024,1.01886,1.012461,0.775316
180,1.5,1.041459,1.339259,0.970395,0.976616,1.501219,1.041096,1.036951,1.115456,0.8399,1.0197,1.012386,0.774333
181,1.508333,1.042422,1.339202,0.969163,0.977747,1.501153,1.040106,1.037718,1.115307,0.838933,1.020391,1.012437,0.773143
182,1.516667,1.04328,1.339109,0.967865,0.978703,1.501107,1.038784,1.038419,1.115326,0.837656,1.020809,1.012469,0.771923
183,1.525,1.044109,1.339136,0.966428,0.979679,1.501131,1.03737,1.038898,1.11532,0.836236,1.021002,1.012429,0.770569
184,1.533333,1.044824,1.339098,0.964879,0.980569,1.501099,1.035936,1.039096,1.115366,0.834863,1.020831,1.012563,0.769089
185,1.541667,1.045479,1.339013,0.963259,0.981461,1.501112,1.034334,1.039162,1.115423,0.833236,1.020509,1.012717,0.767535
186,1.55,1.046114,1.338992,0.961469,0.982273,1.501209,1.032714,1.039014,1.115354,0.831563,1.019919,1.01281,0.765827
187,1.558333,1.046584,1.338935,0.959587,0.983102,1.501334,1.030951,1.038671,1.115365,0.829821,1.01911,1.012859,0.764085
188,1.566667,1.047051,1.338971,0.957477,0.983827,1.501461,1.029083,1.038172,1.115382,0.827914,1.017954,1.013009,0.762201
189,1.575,1.04742,1.338951,0.955347,0.984535,1.50154,1.027032,1.037427,1.115417,0.825776,1.016566,1.013133,0.760208
190,1.583333,1.047632,1.338914,0.952946,0.985193,1.501676,1.024919,1.036331,1.114404,0.824809,1.014911,1.013223,0.758079
191,1.591667,1.047676,1.338911,0.950447,0.985829,1.501817,1.022586,1.035075,1.114312,0.822453,1.012956,1.013251,0.755816
192,1.6,1.047666,1.338909,0.947713,0.986363,1.501926,1.020161,1.033676,1.114359,0.819851,1.010698,1.013342,0.753461
193,1.608333,1.047432,1.338928,0.944696,0.986793,1.501952,1.017595,1.03199,1.11429,0.817304,1.008042,1.013419,0.750959
194,1.616667,1.047133,1.338826,0.941645,0.987034,1.50204,1.014607,1.030075,1.114374,0.81433,1.005102,1.01351,0.748306
195,1.625,1.046648,1.338706,0.938302,0.987255,1.502119,1.011771,1.027876,1.114373,0.811412,1.001953,1.013641,0.745647
196,1.633333,1.046026,1.33869,0.934867,0.98737,1.502052,1.008773,1.025439,1.114449,0.808226,0.998381,1.013805,0.74277
197,1.641667,1.045378,1.338641,0.931198,0.987327,1.502113,1.005464,1.022846,1.11438,0.805093,0.994606,1.013991,0.739835
198,1.65,1.044527,1.338467,0.927499,0.987161,1.502144,1.002031,1.019933,1.114377,0.801839,0.990482,1.014119,0.736833
199,1.658333,1.043547,1.338339,0.923599,0.987094,1.502052,0.998771,1.016797,1.11431,0.798581,0.986178,1.014294,0.733728
200,1.666667,1.042409,1.338239,0.919702,0.986792,1.502015,0.995204,1.013422,1.11439,0.794663,0.981605,1.014561,0.730585
201,1.675,1.041249,1.338108,0.915366,0.986499,1.501937,0.991532,1.009971,1.114376,0.791041,0.976757,1.014789,0.727329
202,1.683333,1.039947,1.337857,0.911129,0.986155,1.501827,0.98805,1.005981,1.114243,0.78782,0.971685,1.015014,0.723941
203,1.691667,1.038401,1.337732,0.906834,0.985627,1.501696,0.984293,1.002149,1.114236,0.784097,0.96637,1.015338,0.720629
204,1.7,1.036846,1.337498,0.902368,0.985052,1.501532,0.980452,0.998007,1.114322,0.780266,0.960749,1.015726,0.717215
205,1.708333,1.035166,1.337176,0.897865,0.984332,1.501319,0.976592,0.993669,1.114415,0.776452,0.954964,1.016133,0.713789
206,1.716667,1.033271,1.336897,0.893332,0.983531,1.50116,0.972779,0.989182,1.11443,0.772554,0.948876,1.016587,0.710361
207,1.725,1.03129,1.336676,0.888807,0.982603,1.500837,0.968854,0.984507,1.114589,0.768647,0.94255,1.017063,0.706836
208,1.733333,1.029122,1.336314,0.884278,0.981595,1.500521,0.965006,0.97965,1.114651,0.764682,0.936057,1.017582,0.703462
209,1.741667,1.026707,1.335782,0.879891,0.980421,1.50033,0.961071,0.974497,1.11495,0.760712,0.929339,1.018173,0.700108
210,1.75,1.023823,1.335235,0.875907,0.979176,1.499936,0.957251,0.969222,1.115209,0.756778,0.922396,1.018853,0.696774
211,1.758333,1.021094,1.335024,0.871338,0.977883,1.49978,0.953459,0.963776,1.115419,0.752852,0.915348,1.019627,0.693435
212,1.766667,1.018217,1.334786,0.866665,0.976313,1.499476,0.94943,0.958168,1.115843,0.749009,0.908066,1.02052,0.690211
213,1.775,1.015343,1.334666,0.861931,0.974831,1.499283,0.945593,0.952404,1.116312,0.745143,0.900705,1.021463,0.687013
214,1.783333,1.012263,1.334437,0.857248,0.973221,1.499005,0.941738,0.946488,1.116827,0.741324,0.893201,1.022506,0.683832
215,1.791667,1.009124,1.334282,0.852641,0.971472,1.498706,0.937784,0.940466,1.117385,0.737534,0.885512,1.023658,0.68073
216,1.8,1.005884,1.334186,0.847956,0.969654,1.498555,0.933898,0.934454,1.117994,0.733696,0.877823,1.024814,0.677683
217,1.808333,1.00246,1.333926,0.843464,0.967705,1.49813,0.93017,0.928346,1.118512,0.729977,0.870017,1.025992,0.674643
218,1.816667,0.998997,1.333734,0.838909,0.965659,1.498173,0.925973,0.922152,1.119197,0.726275,0.862037,1.027354,0.671807
219,1.825,0.99529,1.333595,0.834356,0.963442,1.497926,0.921855,0.915809,1.119928,0.722541,0.854041,1.028654,0.668946
220,1.833333,0.991545,1.333539,0.829737,0.961211,1.497914,0.917832,0.909401,1.120652,0.719,0.845949,1.030045,0.666286
221,1.841667,0.987672,1.333372,0.82516,0.958684,1.49777,0.913667,0.902948,1.121451,0.71546,0.837714,1.031484,0.663754
222,1.85,0.983689,1.333503,0.820181,0.95613,1.497794,0.909629,0.896286,1.122363,0.711996,0.829469,1.032983,0.661354
223,1.858333,0.979304,1.333602,0.815013,0.953528,1.497693,0.905701,0.889482,1.123356,0.708678,0.821123,1.034651,0.659054
224,1.866667,0.974986,1.333821,0.810501,0.950658,1.497872,0.901569,0.882658,1.124434,0.705401,0.812849,1.036428,0.656847
225,1.875,0.970603,1.333874,0.806134,0.947739,1.498002,0.897561,0.875839,1.125594,0.702324,0.804462,1.038184,0.654783
226,1.883333,0.966122,1.334295,0.801713,0.94469,1.498076,0.893712,0.868912,1.126725,0.699241,0.79596,1.040068,0.652857
227,1.891667,0.961578,1.334572,0.797428,0.941553,1.498374,0.889829,0.861819,1.128099,0.696249,0.787545,1.041852,0.650841
228,1.9,0.956863,1.335004,0.793146,0.938309,1.498568,0.886183,0.854838,1.129387,0.693315,0.779051,1.043978,0.649111
229,1.908333,0.952009,1.335474,0.788931,0.935205,1.498917,0.882481,0.847721,1.130767,0.690478,0.770604,1.046018,0.647461
230,1.916667,0.947154,1.33616,0.784716,0.932063,1.499587,0.878784,0.840582,1.132278,0.687711,0.762194,1.048086,0.645925
231,1.925,0.942275,1.336946,0.780631,0.928928,1.500355,0.875061,0.833262,1.13377,0.685147,0.753891,1.050214,0.644474
232,1.933333,0.937299,1.337894,0.776643,0.925767,1.501227,0.871427,0.82605,1.1355,0.682598,0.745505,1.052375,0.643293
233,1.941667,0.932282,1.338964,0.772613,0.922512,1.501951,0.867859,0.818672,1.137216,0.680135,0.737144,1.054524,0.64216
234,1.95,0.927221,1.340157,0.7685,0.919279,1.502845,0.864085,0.811501,1.139031,0.677889,0.72882,1.056762,0.641177
235,1.958333,0.92211,1.341309,0.764321,0.915881,1.503755,0.860355,0.804233,1.140781,0.675589,0.720347,1.058951,0.640388
236,1.966667,0.916987,1.342394,0.760112,0.912255,1.504589,0.856532,0.796967,1.142545,0.673428,0.711903,1.06121,0.639794
237,1.975,0.911783,1.343353,0.755909,0.908387,1.505139,0.852823,0.789586,1.14423,0.671282,0.70334,1.063455,0.639304
238,1.983333,0.906546,1.344293,0.751616,0.904595,1.505612,0.849172,0.782178,1.145911,0.669167,0.694795,1.065662,0.638988
239,1.991667,0.901127,1.345166,0.747433,0.90055,1.506078,0.845613,0.774702,1.14747,0.667314,0.686281,1.067861,0.638826
240,2,0.895538,1.345887,0.743315,0.896389,1.506561,0.841865,0.76721,1.14899,0.665352,0.677762,1.069932,0.638719
241,2.008333,0.889786,1.346618,0.739235,0.892437,1.507035,0.838119,0.759694,1.150535,0.663528,0.669354,1.071916,0.638673
242,2.016667,0.883863,1.347287,0.735207,0.888298,1.507259,0.834479,0.752081,1.15195,0.661861,0.660926,1.073775,0.638725
243,2.025,0.877807,1.347948,0.731282,0.884155,1.507329,0.831114,0.744481,1.153236,0.66025,0.652542,1.075562,0.638951
244,2.033333,0.871723,1.348468,0.727509,0.880036,1.507498,0.827686,0.736891,1.154516,0.658677,0.644207,1.077219,0.639149
245,2.041667,0.865305,1.348977,0.723937,0.875946,1.507757,0.823796,0.729278,1.155685,0.657203,0.635842,1.078756,0.639532
246,2.05,0.859047,1.349548,0.720358,0.871911,1.507862,0.820388,0.721615,1.156709,0.655841,0.62758,1.080259,0.640047
247,2.058333,0.852702,1.350095,0.717053,0.86799,1.508158,0.81686,0.713905,1.157785,0.654714,0.619308,1.081682,0.64077
248,2.066667,0.846429,1.350728,0.713709,0.863824,1.508447,0.813317,0.706213,1.158927,0.653775,0.611081,1.08308,0.641628
249,2.075,0.840032,1.351334,0.710494,0.859628,1.508658,0.809855,0.698491,1.160012,0.652999,0.602948,1.084464,0.642718
250,2.083333,0.833665,1.352105,0.707391,0.855326,1.508801,0.806712,0.690796,1.161095,0.652416,0.594913,1.08579,0.644002
251,2.091667,0.827287,1.352697,0.704481,0.850957,1.50924,0.803351,0.683109,1.162168,0.651987,0.58696,1.087133,0.645454
252,2.1,0.82098,1.353324,0.70157,0.846618,1.509532,0.80035,0.675541,1.16323,0.651651,0.579077,1.08837,0.647127
253,2.108333,0.814651,1.354012,0.698855,0.841892,1.509906,0.797039,0.6679,1.164283,0.65161,0.571164,1.08961,0.648982
254,2.116667,0.808207,1.354601,0.696307,0.837585,1.510361,0.794159,0.660409,1.165276,0.651618,0.563404,1.090884,0.651056
255,2.125,0.80183,1.355187,0.693751,0.833198,1.510746,0.791253,0.652933,1.166326,0.651786,0.555727,1.092184,0.653369
256,2.133333,0.79539,1.355811,0.69139,0.828715,1.511093,0.788276,0.645405,1.167396,0.652214,0.548237,1.093373,0.655796
257,2.141667,0.788847,1.356325,0.68901,0.824319,1.511296,0.785605,0.637947,1.168345,0.65283,0.540766,1.094488,0.658434
258,2.15,0.782247,1.356812,0.686791,0.819791,1.51166,0.782612,0.630546,1.169359,0.653581,0.533303,1.095654,0.661283
259,2.158333,0.775611,1.357264,0.684607,0.815073,1.511456,0.779956,0.62303,1.170246,0.65447,0.525898,1.096756,0.664287
260,2.166667,0.768821,1.357669,0.682562,0.810123,1.511707,0.777073,0.615647,1.171151,0.655515,0.518618,1.097868,0.667463
261,2.175,0.762015,1.358072,0.680566,0.805383,1.511964,0.7744,0.608295,1.172093,0.65677,0.511376,1.098885,0.670833
262,2.183333,0.754983,1.358436,0.678647,0.800664,1.51262,0.771711,0.601048,1.1729,0.65815,0.504227,1.099847,0.674372
263,2.191667,0.748019,1.358729,0.676907,0.795731,1.512963,0.769254,0.593697,1.173555,0.659628,0.49713,1.100845,0.678091
264,2.2,0.740811,1.359078,0.675319,0.790596,1.513212,0.766791,0.586267,1.17421,0.661276,0.490069,1.101754,0.681978
265,2.208333,0.733635,1.359346,0.673824,0.785289,1.513346,0.764443,0.579016,1.174778,0.663001,0.483152,1.102627,0.685919
266,2.216667,0.72631,1.359596,0.672617,0.779814,1.513555,0.762168,0.571686,1.175314,0.664966,0.476274,1.103388,0.690231
267,2.225,0.718911,1.359815,0.671504,0.774253,1.513772,0.759932,0.564449,1.175879,0.667098,0.469561,1.103925,0.695021
268,2.233333,0.711438,1.360018,0.670523,0.768564,1.513849,0.757876,0.557145,1.176382,0.669638,0.462866,1.10451,0.699653
269,2.241667,0.703881,1.360229,0.669729,0.762469,1.513781,0.756078,0.549889,1.176779,0.67246,0.45629,1.104995,0.704478
270,2.25,0.696309,1.360402,0.669098,0.756616,1.51395,0.754279,0.542683,1.177182,0.675223,0.449785,1.105463,0.709467
271,2.258333,0.688647,1.36061,0.66866,0.750745,1.51399,0.752612,0.535449,1.177504,0.678161,0.443389,1.105851,0.714651
272,2.266667,0.681057,1.360743,0.668436,0.744793,1.514029,0.751187,0.5283,1.177842,0.681246,0.437067,1.10622,0.719886
273,2.275,0.67337,1.36094,0.668481,0.738845,1.514031,0.749877,0.521203,1.178179,0.68448,0.430827,1.106559,0.725296
274,2.283333,0.665764,1.361095,0.668564,0.732892,1.514175,0.748639,0.514134,1.178445,0.687871,0.424749,1.106615,0.730946
275,2.291667,0.658121,1.361228,0.668938,0.727003,1.514161,0.747609,0.507131,1.178684,0.691414,0.418585,1.107059,0.736485
276,2.3,0.650526,1.361396,0.669521,0.721153,1.51405,0.74665,0.500231,1.178947,0.695124,0.41272,1.107344,0.74231
277,2.308333,0.643025,1.361444,0.670211,0.715287,1.513977,0.745794,0.493377,1.179254,0.699024,0.407039,1.107665,0.748255
278,2.316667,0.635582,1.361574,0.671003,0.709512,1.513831,0.745015,0.48661,1.179417,0.703034,0.40145,1.107865,0.754376
279,2.325,0.628165,1.361637,0.671946,0.703763,1.513693,0.744327,0.47991,1.17964,0.707278,0.395984,1.108123,0.760658
280,2.333333,0.620866,1.361718,0.672944,0.698027,1.513625,0.743737,0.47338,1.179882,0.711568,0.390777,1.108387,0.767049
281,2.341667,0.613521,1.361766,0.674159,0.692413,1.513589,0.743066,0.466908,1.180062,0.716108,0.385624,1.108735,0.773536
282,2.35,0.606222,1.361785,0.675527,0.687213,1.513723,0.742035,0.460424,1.180104,0.720971,0.380676,1.108991,0.780127
283,2.358333,0.599005,1.36183,0.67699,0.681475,1.513545,0.741799,0.454198,1.180341,0.725798,0.375878,1.109299,0.786835
284,2.366667,0.591839,1.361829,0.678604,0.675691,1.513324,0.741553,0.448091,1.180599,0.730747,0.371228,1.109695,0.793654
285,2.375,0.584779,1.361781,0.680391,0.669959,1.513194,0.741538,0.442129,1.180812,0.73579,0.366623,1.110086,0.800527
286,2.383333,0.577714,1.361735,0.682283,0.664295,1.51302,0.741419,0.436339,1.181015,0.740998,0.362134,1.110474,0.807554
287,2.391667,0.570773,1.361675,0.684347,0.658569,1.513016,0.741075,0.430564,1.181212,0.746263,0.357864,1.110872,0.814579
288,2.4,0.563851,1.361633,0.686579,0.653074,1.512751,0.741386,0.424888,1.181511,0.751555,0.353681,1.111392,0.821681
289,2.408333,0.557004,1.361586,0.688874,0.647319,1.512609,0.742111,0.419102,1.181994,0.756925,0.3496,1.111947,0.828824
290,2.416667,0.550277,1.361502,0.691456,0.641908,1.512457,0.741938,0.413508,1.182384,0.762642,0.345836,1.112336,0.836215
291,2.425,0.543645,1.361382,0.694101,0.636462,1.512324,0.742143,0.408641,1.182371,0.768554,0.342333,1.11271,0.843528
292,2.433333,0.537053,1.361306,0.696918,0.630938,1.512211,0.742526,0.403775,1.182417,0.774568,0.339382,1.112818,0.851241
293,2.441667,0.530555,1.361249,0.699794,0.625525,1.512073,0.743004,0.399097,1.182456,0.780653,0.336253,1.113301,0.858854
294,2.45,0.52414,1.361196,0.702823,0.620124,1.511964,0.743614,0.394427,1.182707,0.786838,0.333237,1.113881,0.866823
295,2.458333,0.51763,1.361054,0.706106,0.614772,1.511829,0.744283,0.389878,1.182965,0.793041,0.33056,1.11423,0.874433
296,2.466667,0.511458,1.360864,0.709347,0.609495,1.511651,0.745056,0.385529,1.183228,0.799431,0.328055,1.114589,0.882128
297,2.475,0.505347,1.360831,0.712622,0.604279,1.511498,0.745865,0.381355,1.183483,0.805906,0.325672,1.115121,0.890187
298,2.483333,0.499339,1.360768,0.716002,0.599166,1.511319,0.746747,0.377292,1.183762,0.812548,0.323548,1.115727,0.898158
299,2.491667,0.493383,1.360754,0.71962,0.594116,1.511136,0.747666,0.373423,1.184099,0.819312,0.321534,1.116269,0.906256
300,2.5,0.487517,1.360708,0.72346,0.589087,1.510985,0.748672,0.369738,1.184425,0.826166,0.319808,1.116895,0.914394
301,2.508333,0.481863,1.360692,0.727352,0.584132,1.510875,0.749711,0.366308,1.184801,0.833093,0.318254,1.117473,0.922627
302,2.516667,0.476352,1.360727,0.731523,0.579182,1.510775,0.750761,0.363011,1.185228,0.840214,0.31694,1.118163,0.930908
303,2.525,0.471104,1.360713,0.735703,0.574247,1.510751,0.75194,0.35994,1.185604,0.847224,0.315864,1.118861,0.939149
304,2.533333,0.4661,1.360464,0.740071,0.569427,1.510798,0.753173,0.357097,1.186015,0.854415,0.314973,1.1195,0.947357
305,2.541667,0.46108,1.360486,0.744414,0.564638,1.510876,0.754466,0.354377,1.186474,0.861574,0.314291,1.120226,0.95568
306,2.55,0.456143,1.360624,0.748769,0.55988,1.511099,0.755856,0.351966,1.186993,0.868904,0.313894,1.12101,0.963943
307,2.558333,0.451475,1.360754,0.753162,0.555074,1.511416,0.757297,0.34976,1.187515,0.876322,0.31376,1.121759,0.972322
308,2.566667,0.446825,1.361109,0.757717,0.550382,1.511765,0.758925,0.347711,1.18824,0.883776,0.314044,1.122354,0.980037
309,2.575,0.442356,1.3614,0.762402,0.545589,1.512215,0.760685,0.345957,1.188961,0.891449,0.314162,1.123582,0.988896
310,2.583333,0.438029,1.361843,0.767272,0.541,1.512635,0.762632,0.344393,1.189903,0.898989,0.314738,1.124492,0.997206
311,2.591667,0.433781,1.362388,0.772375,0.536544,1.513049,0.764832,0.343036,1.190748,0.906198,0.315613,1.125499,1.005558
312,2.6,0.429725,1.362985,0.777548,0.532257,1.513443,0.76719,0.341916,1.191706,0.913873,0.316617,1.126601,1.013928
313,2.608333,0.425832,1.363465,0.782997,0.528288,1.51371,0.769827,0.341142,1.192582,0.921671,0.317948,1.127787,1.022227
314,2.616667,0.422249,1.364035,0.788456,0.524486,1.513923,0.772666,0.340581,1.193295,0.929278,0.319344,1.129157,1.030685
315,2.625,0.418897,1.364544,0.794149,0.520962,1.514139,0.77556,0.340113,1.194146,0.936988,0.320983,1.130731,1.039155
316,2.633333,0.415837,1.364995,0.799828,0.517499,1.514303,0.77855,0.339795,1.195179,0.944918,0.322798,1.131873,1.047597
317,2.641667,0.413062,1.365599,0.805595,0.514341,1.514434,0.781563,0.339702,1.196413,0.952308,0.32501,1.133662,1.056192
318,2.65,0.410559,1.36606,0.811487,0.511286,1.514626,0.784696,0.339967,1.19755,0.960618,0.327791,1.134703,1.064293
319,2.658333,0.408278,1.366621,0.817551,0.508514,1.514703,0.78779,0.340289,1.198946,0.968603,0.33034,1.136009,1.072385
320,2.666667,0.406305,1.367175,0.823614,0.505787,1.514996,0.791036,0.341028,1.200044,0.976449,0.33317,1.136895,1.080431
321,2.675,0.404495,1.367738,0.82974,0.503329,1.515139,0.794425,0.342541,1.201195,0.984079,0.336301,1.138191,1.088466
322,2.683333,0.402984,1.368213,0.83588,0.500958,1.515474,0.797947,0.344067,1.201573,0.991751,0.339874,1.139434,1.096401
323,2.691667,0.401606,1.36881,0.842117,0.498755,1.515757,0.801561,0.345665,1.202602,0.999453,0.343695,1.140821,1.104447
324,2.7,0.400433,1.369357,0.84828,0.496871,1.515931,0.805289,0.347586,1.203678,1.007135,0.347867,1.142169,1.112244
325,2.708333,0.399414,1.369877,0.85456,0.494984,1.516249,0.809182,0.349818,1.204828,1.014803,0.352287,1.143602,1.120061
326,2.716667,0.398587,1.370369,0.860884,0.493238,1.516589,0.813175,0.352338,1.205897,1.022352,0.357019,1.144966,1.127785
327,2.725,0.397932,1.370766,0.867104,0.49163,1.516756,0.817244,0.35511,1.207015,1.029966,0.362026,1.146508,1.135506
328,2.733333,0.397495,1.371193,0.873495,0.490095,1.516881,0.821695,0.358051,1.208015,1.037417,0.367343,1.147891,1.142989
329,2.741667,0.397293,1.37154,0.879858,0.488817,1.517014,0.826098,0.361265,1.209069,1.04495,0.373305,1.148851,1.150453
330,2.75,0.397326,1.371876,0.886422,0.487841,1.517131,0.830509,0.364829,1.210038,1.052464,0.379332,1.149995,1.157693
331,2.758333,0.397525,1.372238,0.892999,0.486901,1.51736,0.835,0.368671,1.210992,1.059987,0.385261,1.151343,1.165057
332,2.766667,0.39797,1.372544,0.899629,0.486307,1.517384,0.839617,0.372655,1.211864,1.067486,0.391619,1.152474,1.172315
333,2.775,0.398724,1.372882,0.906291,0.485864,1.517529,0.844359,0.377048,1.212709,1.074908,0.39822,1.153691,1.179474
334,2.783333,0.399651,1.373282,0.913359,0.485627,1.517632,0.849118,0.381664,1.213638,1.082387,0.405139,1.154782,1.186516
335,2.791667,0.400746,1.373868,0.920139,0.485671,1.517603,0.853931,0.386598,1.214309,1.089759,0.412333,1.155761,1.193553
336,2.8,0.401933,1.374453,0.927542,0.485868,1.517715,0.858715,0.391786,1.214917,1.09704,0.419755,1.156466,1.200258
337,2.808333,0.403685,1.374724,0.934631,0.486258,1.517558,0.863461,0.397256,1.215448,1.104483,0.427437,1.157103,1.207022
338,2.816667,0.4057,1.374991,0.941536,0.486876,1.517621,0.868249,0.403033,1.216041,1.111776,0.43554,1.157808,1.213529
339,2.825,0.407624,1.375337,0.947785,0.487749,1.517431,0.87307,0.409048,1.21663,1.119013,0.443784,1.158398,1.220116
340,2.833333,0.412054,1.374389,0.954828,0.488767,1.51736,0.877792,0.415424,1.217029,1.126352,0.452298,1.158824,1.226627
341,2.841667,0.415013,1.374585,0.961581,0.490029,1.517088,0.882607,0.422108,1.217546,1.133608,0.461083,1.159221,1.232999
342,2.85,0.418283,1.374917,0.968453,0.491477,1.516968,0.887266,0.429081,1.217818,1.140804,0.470117,1.159528,1.239265
343,2.858333,0.421825,1.375056,0.975189,0.493165,1.516633,0.892055,0.436233,1.21842,1.147795,0.479471,1.159871,1.245395
344,2.866667,0.425613,1.375307,0.981947,0.494982,1.516452,0.896684,0.443696,1.218564,1.154512,0.489099,1.160142,1.251378
345,2.875,0.429737,1.375495,0.98861,0.497041,1.516063,0.901339,0.451542,1.218802,1.161396,0.499013,1.160337,1.25706
346,2.883333,0.434065,1.375656,0.995253,0.499266,1.515694,0.905985,0.45959,1.219164,1.167985,0.508904,1.160623,1.262776
347,2.891667,0.43861,1.375664,1.001706,0.501655,1.515479,0.910419,0.467927,1.21936,1.174428,0.519116,1.160854,1.268189
348,2.9,0.44338,1.375773,1.008111,0.504136,1.515258,0.914621,0.476477,1.219664,1.180748,0.529472,1.161129,1.273295
349,2.908333,0.448372,1.375818,1.014351,0.506962,1.514718,0.919454,0.48515,1.219965,1.18681,0.540088,1.161317,1.278311
350,2.916667,0.45356,1.375811,1.020492,0.509812,1.51428,0.923765,0.494615,1.219805,1.192963,0.550852,1.161576,1.283142
351,2.925,0.458936,1.375774,1.026403,0.512821,1.513738,0.927978,0.503479,1.220251,1.198555,0.561787,1.161831,1.287713
352,2.933333,0.464369,1.375628,1.032309,0.515896,1.51319,0.932203,0.512643,1.220587,1.203989,0.572909,1.16214,1.292061
353,2.941667,0.470027,1.375404,1.03798,0.519101,1.512592,0.936307,0.522154,1.220704,1.209194,0.584228,1.162476,1.296167
354,2.95,0.475765,1.375215,1.043615,0.52232,1.512208,0.940422,0.531813,1.220962,1.214253,0.595698,1.162855,1.300003
355,2.958333,0.481737,1.374964,1.048953,0.525699,1.511641,0.944495,0.54165,1.221211,1.219092,0.607289,1.163213,1.303547
356,2.966667,0.487731,1.374735,1.054272,0.529158,1.511068,0.948373,0.551628,1.221369,1.223684,0.618979,1.163621,1.30688
357,2.975,0.493853,1.374501,1.059452,0.532697,1.510603,0.952304,0.561655,1.221563,1.227959,0.63069,1.163989,1.309949
358,2.983333,0.500256,1.37429,1.064391,0.536263,1.510316,0.95623,0.571871,1.221747,1.232054,0.642511,1.164272,1.312689
359,2.991667,0.50652,1.374218,1.069106,0.539991,1.510184,0.960188,0.582261,1.221859,1.235779,0.654486,1.164551,1.315176
360,3,0.513086,1.374115,1.073759,0.543654,1.510006,0.963954,0.592554,1.222087,1.239358,0.66646,1.164722,1.317407
361,3.008333,0.519662,1.374052,1.078547,0.547356,1.50989,0.967793,0.603032,1.222226,1.242696,0.67843,1.165057,1.319352
362,3.016667,0.526354,1.373976,1.083099,0.550982,1.51003,0.971819,0.613564,1.22236,1.245801,0.690723,1.165244,1.320947
363,3.025,0.533144,1.373861,1.087737,0.554853,1.509941,0.975768,0.624128,1.222444,1.248697,0.702997,1.165535,1.322317
364,3.033333,0.539935,1.3737,1.092157,0.55873,1.509835,0.979721,0.634799,1.222916,1.251126,0.715253,1.165785,1.323443
365,3.041667,0.546631,1.373545,1.096635,0.56273,1.509631,0.983763,0.645477,1.222945,1.253592,0.727547,1.166022,1.32424
366,3.05,0.55357,1.373292,1.10095,0.566762,1.509545,0.987689,0.656129,1.223051,1.255957,0.739916,1.166244,1.324674
367,3.058333,0.560537,1.373064,1.1051,0.570843,1.509368,0.991483,0.666838,1.223141,1.25798,0.752212,1.166416,1.32486
368,3.066667,0.56761,1.372869,1.109141,0.57488,1.509366,0.995366,0.67759,1.223231,1.25975,0.764511,1.166638,1.324772
369,3.075,0.57475,1.372766,1.11317,0.579085,1.509253,0.999264,0.68838,1.22351,1.261365,0.776711,1.16682,1.324561
370,3.083333,0.582102,1.372829,1.116985,0.583487,1.508972,1.002947,0.69922,1.223544,1.262714,0.788819,1.167064,1.323999
371,3.091667,0.589441,1.372701,1.120845,0.588173,1.508466,1.006836,0.710006,1.2237,1.263913,0.800981,1.167269,1.323218
372,3.1,0.596844,1.372511,1.124548,0.592659,1.508224,1.010575,0.720755,1.223723,1.264947,0.813048,1.16751,1.32232
373,3.108333,0.60437,1.372241,1.128112,0.597293,1.507883,1.014259,0.731442,1.223806,1.265833,0.825171,1.167706,1.321126
374,3.116667,0.611851,1.371966,1.13172,0.602007,1.507537,1.018039,0.742068,1.22382,1.266565,0.837156,1.167955,1.319696
375,3.125,0.619373,1.371683,1.135174,0.606784,1.507315,1.021774,0.752844,1.223759,1.267089,0.849096,1.168165,1.318046
376,3.133333,0.626977,1.371361,1.138593,0.61161,1.506968,1.025452,0.763436,1.223764,1.267457,0.861,1.16831,1.316102
377,3.141667,0.634578,1.371032,1.141749,0.61653,1.506687,1.029086,0.774027,1.223711,1.267647,0.872701,1.168434,1.314075
378,3.15,0.642215,1.370718,1.144902,0.621568,1.506344,1.032623,0.784612,1.22358,1.267582,0.884376,1.168517,1.311793
379,3.158333,0.649987,1.370426,1.147814,0.626634,1.506017,1.036157,0.795129,1.223498,1.267365,0.89591,1.168577,1.309331
380,3.166667,0.657735,1.370114,1.15079,0.631693,1.505736,1.039655,0.805631,1.22334,1.26696,0.907316,1.168603,1.306764
381,3.175,0.665547,1.369757,1.153475,0.636996,1.505415,1.042981,0.816008,1.223252,1.266403,0.918629,1.168597,1.303976
382,3.183333,0.674168,1.369399,1.156376,0.642244,1.505224,1.046371,0.82633,1.223176,1.265696,0.929822,1.168587,1.301023
383,3.191667,0.682058,1.369146,1.158765,0.647675,1.50501,1.049624,0.836624,1.22302,1.264773,0.940891,1.168519,1.297882
384,3.2,0.689995,1.369141,1.161124,0.653072,1.50497,1.052842,0.846916,1.222941,1.263656,0.95185,1.168557,1.294567
385,3.208333,0.697828,1.368984,1.163066,0.658616,1.50491,1.05596,0.857128,1.222896,1.262345,0.962747,1.168591,1.291003
386,3.216667,0.705752,1.368893,1.165022,0.664208,1.504899,1.058905,0.867339,1.222765,1.260845,0.973507,1.168565,1.287263
387,3.225,0.713863,1.368767,1.166815,0.669977,1.504842,1.061825,0.877387,1.222784,1.259182,0.984258,1.168515,1.283265
388,3.233333,0.722036,1.368638,1.168477,0.675772,1.504656,1.064516,0.887452,1.222732,1.257329,0.994776,1.168555,1.279115
389,3.241667,0.730153,1.368533,1.170055,0.681592,1.504722,1.067283,0.897399,1.222714,1.255288,1.005256,1.16861,1.27469
390,3.25,0.738266,1.368453,1.17152,0.687479,1.504787,1.070004,0.907309,1.222601,1.253073,1.015688,1.168482,1.270114
391,3.258333,0.74643,1.368409,1.172821,0.693512,1.504786,1.072577,0.91722,1.222571,1.250677,1.025964,1.168509,1.265375
392,3.266667,0.754659,1.368393,1.173984,0.699312,1.504952,1.075051,0.926943,1.222477,1.248163,1.036044,1.168416,1.260403
393,3.275,0.762925,1.368305,1.175077,0.705246,1.505078,1.077548,0.936598,1.222374,1.245453,1.046018,1.168424,1.255256
394,3.283333,0.77123,1.368332,1.175997,0.711111,1.50535,1.08002,0.946237,1.222396,1.242509,1.055867,1.168451,1.250012
395,3.291667,0.779534,1.368361,1.176868,0.717049,1.505629,1.082461,0.955785,1.222367,1.239474,1.065819,1.168497,1.244475
396,3.3,0.787849,1.368321,1.177548,0.722966,1.5058,1.084729,0.965322,1.222373,1.236192,1.075345,1.168482,1.238903
397,3.308333,0.796125,1.368387,1.178152,0.729925,1.505223,1.086872,0.975056,1.222278,1.232659,1.084886,1.168434,1.232973
398,3.316667,0.804418,1.368437,1.17863,0.736406,1.505093,1.08885,0.984203,1.222149,1.22921,1.094246,1.168343,1.226886
399,3.325,0.812828,1.368408,1.178927,0.742644,1.505138,1.090618,0.993646,1.222129,1.225403,1.103519,1.168244,1.220694
400,3.333333,0.821227,1.368426,1.179156,0.749068,1.505198,1.092443,1.003016,1.222115,1.221438,1.112708,1.168127,1.214168
401,3.341667,0.829667,1.368442,1.179214,0.755514,1.50518,1.094279,1.012341,1.222093,1.21734,1.121801,1.167981,1.207498
402,3.35,0.838132,1.368532,1.179174,0.762121,1.50525,1.095956,1.021674,1.222012,1.212976,1.130768,1.167964,1.200529
403,3.358333,0.846697,1.368609,1.178906,0.768676,1.505386,1.097553,1.031079,1.22205,1.208474,1.139647,1.167661,1.193559
404,3.366667,0.855347,1.368713,1.178472,0.775339,1.505502,1.098989,1.040379,1.222223,1.203598,1.148376,1.16739,1.186599
405,3.375,0.864055,1.368888,1.177838,0.782076,1.505561,1.100285,1.049442,1.222117,1.198762,1.156966,1.166958,1.179298
406,3.383333,0.872785,1.369124,1.176916,0.788813,1.505729,1.101463,1.058558,1.222004,1.193769,1.165481,1.166603,1.171747
407,3.391667,0.881507,1.36946,1.175882,0.795641,1.505867,1.102432,1.067616,1.221979,1.188508,1.17385,1.166245,1.164046
408,3.4,0.890241,1.369747,1.174505,0.802905,1.506036,1.103309,1.076596,1.221992,1.18293,1.182063,1.165907,1.156137
409,3.408333,0.899285,1.370118,1.172827,0.809586,1.506382,1.103939,1.085587,1.222047,1.177681,1.190125,1.165578,1.148072
410,3.416667,0.908097,1.370488,1.17104,0.816305,1.506576,1.104436,1.09428,1.222095,1.171194,1.198079,1.165252,1.139826
411,3.425,0.916698,1.370826,1.169036,0.823109,1.506768,1.104842,1.102997,1.222156,1.165075,1.205883,1.16493,1.131515
412,3.433333,0.925419,1.371331,1.166871,0.829811,1.506948,1.10512,1.111495,1.222234,1.158744,1.213537,1.164623,1.123043
413,3.441667,0.933879,1.371704,1.164571,0.836794,1.507301,1.105375,1.119999,1.222385,1.152222,1.221026,1.164323,1.114341
414,3.45,0.942281,1.372159,1.1619,0.843454,1.507383,1.105449,1.128278,1.222504,1.14546,1.228322,1.164148,1.105555
415,3.458333,0.95049,1.372619,1.159179,0.849936,1.507494,1.105495,1.136356,1.22267,1.138625,1.23541,1.164093,1.096627
416,3.466667,0.958613,1.373088,1.156299,0.856515,1.50752,1.105402,1.144277,1.222901,1.131628,1.242334,1.164143,1.087561
417,3.475,0.966621,1.37343,1.153498,0.862994,1.507526,1.10522,1.151964,1.223191,1.124466,1.249021,1.164194,1.078441
418,3.483333,0.974467,1.373559,1.150659,0.869523,1.507506,1.105103,1.159443,1.223399,1.117235,1.25551,1.164353,1.069167
419,3.491667,0.98223,1.373774,1.147686,0.875943,1.507459,1.104853,1.166696,1.223668,1.109909,1.261719,1.164487,1.059925
420,3.5,0.989701,1.373818,1.144632,0.882381,1.507395,1.104492,1.173751,1.224,1.102466,1.267649,1.164727,1.050583
421,3.508333,0.997076,1.373851,1.141113,0.888601,1.507344,1.10416,1.180544,1.224221,1.095085,1.273388,1.165075,1.041062
422,3.516667,1.004269,1.374012,1.13777,0.894856,1.507142,1.103964,1.187111,1.224519,1.087479,1.278846,1.165399,1.0315
423,3.525,1.01132,1.374026,1.134657,0.901128,1.507043,1.103556,1.193459,1.224866,1.079747,1.283991,1.165759,1.021842
424,3.533333,1.018306,1.373966,1.131469,0.907328,1.506932,1.103049,1.199565,1.225194,1.072041,1.288848,1.166255,1.012023
425,3.541667,1.025288,1.374015,1.128055,0.913458,1.506801,1.102423,1.205417,1.225581,1.064236,1.293442,1.166723,1.002129
426,3.55,1.032107,1.374055,1.124501,0.919534,1.50662,1.101796,1.211053,1.225989,1.056376,1.297748,1.167251,0.99221
427,3.558333,1.038841,1.374111,1.120951,0.925576,1.506496,1.10112,1.216492,1.226402,1.048354,1.3017,1.167819,0.982256
428,3.566667,1.0454,1.374186,1.117314,0.931625,1.506468,1.100222,1.221645,1.226864,1.040254,1.30541,1.168401,0.972149
429,3.575,1.051807,1.374369,1.113554,0.937563,1.506503,1.099441,1.226509,1.2274,1.032137,1.30875,1.168972,0.962244
430,3.583333,1.058092,1.374649,1.109674,0.943445,1.506614,1.098474,1.231112,1.227928,1.023991,1.311787,1.169706,0.95212
431,3.591667,1.064241,1.375002,1.105675,0.949278,1.506902,1.097419,1.235435,1.228483,1.015841,1.314538,1.170368,0.942124
432,3.6,1.070304,1.375336,1.101622,0.954917,1.506991,1.096204,1.239523,1.229029,1.007647,1.317019,1.170966,0.932197
433,3.608333,1.076259,1.375658,1.097497,0.960793,1.507245,1.095034,1.24342,1.229541,0.999511,1.319153,1.171645,0.922223
434,3.616667,1.08212,1.376047,1.093249,0.966764,1.507535,1.093765,1.247044,1.230102,0.991276,1.320982,1.172279,0.912181
435,3.625,1.087829,1.376465,1.089028,0.972435,1.507992,1.092419,1.250397,1.230609,0.983092,1.322409,1.17292,0.902237
436,3.633333,1.093354,1.376921,1.084615,0.97819,1.508458,1.090802,1.253435,1.231184,0.974827,1.323663,1.173475,0.892407
437,3.641667,1.098786,1.377389,1.080159,0.983916,1.508939,1.089016,1.256223,1.231791,0.966602,1.324546,1.174131,0.88245
438,3.65,1.10407,1.377929,1.075505,0.989449,1.509432,1.087009,1.258785,1.232349,0.958406,1.325179,1.174835,0.872631
439,3.658333,1.109192,1.37842,1.070786,0.994956,1.509916,1.084829,1.261125,1.232839,0.950186,1.325488,1.175553,0.862711
440,3.666667,1.114128,1.37887,1.065953,1.000279,1.510374,1.082551,1.263269,1.233382,0.941974,1.325578,1.175916,0.853434
441,3.675,1.118931,1.379371,1.060957,1.005431,1.510767,1.080201,1.265089,1.233965,0.933694,1.325419,1.176482,0.843662
442,3.683333,1.123477,1.379697,1.055971,1.010385,1.511066,1.077677,1.266724,1.234557,0.925334,1.324884,1.177172,0.833885
443,3.691667,1.127773,1.3801,1.050801,1.015282,1.511443,1.075073,1.268054,1.235082,0.91699,1.3241,1.177702,0.824209
444,3.7,1.131817,1.380515,1.045569,1.019954,1.511831,1.072428,1.269149,1.235514,0.908634,1.323064,1.178363,0.814628
445,3.708333,1.135579,1.380907,1.040239,1.024408,1.512081,1.069537,1.269938,1.236043,0.900313,1.321702,1.178982,0.805079
446,3.716667,1.139174,1.381246,1.034865,1.02877,1.512505,1.066714,1.270346,1.236256,0.892558,1.320106,1.179504,0.795698
447,3.725,1.142557,1.381604,1.029386,1.032919,1.512719,1.063688,1.270604,1.236749,0.884362,1.318217,1.180029,0.786359
448,3.733333,1.145731,1.381966,1.023862,1.03692,1.512904,1.060598,1.270622,1.237113,0.87617,1.316089,1.180467,0.777141
449,3.741667,1.148784,1.382226,1.018299,1.040836,1.513264,1.057372,1.270449,1.237339,0.868097,1.313719,1.180895,0.76805
450,3.75,1.15164,1.382469,1.012752,1.044693,1.513572,1.054118,1.269952,1.237637,0.86004,1.311113,1.181124,0.759019
451,3.758333,1.154351,1.382613,1.007178,1.04836,1.513822,1.05066,1.269311,1.237862,0.85205,1.308105,1.181458,0.750118
452,3.766667,1.156923,1.382754,1.001526,1.051925,1.514095,1.046999,1.268331,1.237896,0.844064,1.304964,1.181548,0.741274
453,3.775,1.159328,1.382867,0.995836,1.055372,1.514341,1.04323,1.267243,1.237969,0.836155,1.301476,1.181726,0.732533
454,3.783333,1.161587,1.382861,0.990099,1.058688,1.514571,1.039379,1.265856,1.237992,0.828289,1.297696,1.181767,0.723884
455,3.791667,1.163678,1.382811,0.984218,1.061824,1.514683,1.035281,1.264238,1.237779,0.82042,1.293733,1.181641,0.715341
456,3.8,1.16557,1.38276,0.978245,1.064824,1.514856,1.031019,1.262405,1.237655,0.812563,1.289522,1.181553,0.706889
457,3.808333,1.167268,1.382601,0.972151,1.067663,1.51491,1.026717,1.260334,1.237415,0.804779,1.285041,1.181257,0.698476
458,3.816667,1.168774,1.38239,0.965931,1.07041,1.515003,1.022308,1.258098,1.237027,0.797005,1.280322,1.180977,0.690143
459,3.825,1.169985,1.382185,0.95962,1.072868,1.514939,1.01769,1.255587,1.23673,0.789222,1.275354,1.180524,0.681933
460,3.833333,1.171027,1.381926,0.953268,1.075186,1.514858,1.013043,1.252773,1.236214,0.781414,1.270137,1.179983,0.673942
461,3.841667,1.171825,1.381643,0.946751,1.077308,1.514799,1.00828,1.249835,1.235677,0.773816,1.264714,1.179406,0.665871
462,3.85,1.172412,1.381333,0.940222,1.079204,1.514671,1.003396,1.246512,1.235049,0.766135,1.259031,1.178728,0.657835
463,3.858333,1.172703,1.380952,0.933677,1.080925,1.514542,0.99852,1.24299,1.234437,0.758498,1.253108,1.17805,0.650061
464,3.866667,1.172809,1.380467,0.927001,1.082442,1.514323,0.993526,1.239268,1.233706,0.750944,1.246946,1.1772,0.642374
465,3.875,1.172646,1.380088,0.920355,1.08378,1.514082,0.988421,1.235423,1.232976,0.743529,1.240649,1.176414,0.634773
466,3.883333,1.172282,1.379632,0.91368,1.084922,1.513846,0.983345,1.231217,1.232153,0.735974,1.234004,1.175468,0.627394
467,3.891667,1.171681,1.379121,0.907008,1.085826,1.513627,0.978207,1.226747,1.231393,0.728712,1.227256,1.174625,0.620021
468,3.9,1.170884,1.378495,0.900359,1.086594,1.513308,0.973142,1.222148,1.230452,0.721561,1.220361,1.173324,0.613314
469,3.908333,1.169919,1.377754,0.89369,1.087119,1.512975,0.967895,1.217378,1.229553,0.714522,1.21316,1.172463,0.6063
470,3.916667,1.168696,1.377082,0.887124,1.087476,1.512541,0.962726,1.212407,1.228567,0.707512,1.205719,1.171237,0.599039
471,3.925,1.167307,1.376371,0.880527,1.087623,1.512085,0.95763,1.207258,1.227558,0.700673,1.197967,1.170524,0.592475
472,3.933333,1.16568,1.375593,0.874001,1.087401,1.51147,0.952493,1.201943,1.226973,0.69341,1.190611,1.169241,0.585743
473,3.941667,1.163836,1.374651,0.867468,1.086931,1.510655,0.947065,1.196463,1.225896,0.686751,1.182758,1.168074,0.579454
474,3.95,1.161783,1.37381,0.86103,1.086463,1.510062,0.941859,1.190675,1.224947,0.680024,1.174673,1.167027,0.573198
475,3.958333,1.159532,1.372938,0.854614,1.085773,1.509468,0.936614,1.184738,1.223431,0.674099,1.166472,1.165879,0.567136
476,3.966667,1.157092,1.372036,0.848115,1.084864,1.508906,0.931334,1.178678,1.222534,0.667731,1.158045,1.164848,0.561225
477,3.975,1.154427,1.371074,0.841765,1.083713,1.508314,0.925962,1.172392,1.221455,0.661454,1.149557,1.163696,0.55537
478,3.983333,1.15154,1.370151,0.835418,1.082516,1.5077,0.920739,1.165949,1.220485,0.65529,1.140987,1.162578,0.549776
479,3.991667,1.14836,1.369218,0.829125,1.080982,1.507111,0.915287,1.159585,1.219358,0.648918,1.132302,1.161439,0.544239
480,4,1.145189,1.368225,0.822772,1.079356,1.506469,0.910111,1.152881,1.218418,0.64285,1.123589,1.160331,0.538854
481,4.008333,1.141683,1.367349,0.81657,1.077461,1.505897,0.904664,1.145796,1.217164,0.637203,1.114787,1.159218,0.533687
482,4.016667,1.13808,1.366407,0.810471,1.075485,1.505241,0.89958,1.138828,1.216119,0.631433,1.105932,1.158113,0.528531
483,4.025,1.134186,1.365537,0.804311,1.073284,1.504715,0.894256,1.131783,1.215078,0.625848,1.096951,1.157069,0.523542
484,4.033333,1.13025,1.364532,0.798256,1.070825,1.50413,0.88899,1.124555,1.21404,0.620336,1.088034,1.155588,0.518538
485,4.041667,1.126127,1.363652,0.79232,1.068222,1.503698,0.883699,1.117269,1.21286,0.614895,1.078938,1.154494,0.513833
486,4.05,1.121753,1.362762,0.786448,1.065467,1.503121,0.878684,1.109842,1.211695,0.609581,1.069762,1.15329,0.509219
487,4.058333,1.117247,1.36186,0.780718,1.062534,1.502622,0.873502,1.102284,1.2106,0.604412,1.060524,1.15221,0.504775
488,4.066667,1.112654,1.36093,0.775156,1.05941,1.502067,0.868449,1.094706,1.209456,0.599341,1.05124,1.151146,0.500508
489,4.075,1.107871,1.360082,0.769396,1.055977,1.501526,0.863308,1.086779,1.208473,0.594353,1.041833,1.150023,0.496334
490,4.083333,1.102982,1.359153,0.7637,1.052589,1.501001,0.858411,1.078968,1.2075,0.589487,1.032308,1.148983,0.492189
491,4.091667,1.097801,1.358255,0.758014,1.049129,1.500456,0.853586,1.071057,1.206437,0.584754,1.02278,1.147915,0.488223
492,4.1,1.092607,1.35739,0.752655,1.045344,1.500081,0.848644,1.062964,1.205535,0.58007,1.013189,1.146907,0.484405
493,4.108333,1.08738,1.356614,0.747242,1.041589,1.499531,0.844087,1.054757,1.204523,0.575613,1.003465,1.145855,0.480724
494,4.116667,1.08171,1.355762,0.74203,1.037648,1.499089,0.839323,1.046465,1.203591,0.571209,0.99374,1.14494,0.477242
495,4.125,1.076012,1.355012,0.736998,1.033678,1.498707,0.83487,1.038163,1.202656,0.56696,0.983928,1.143939,0.473772
496,4.133333,1.069959,1.354254,0.732211,1.029637,1.498296,0.830384,1.029827,1.201946,0.562732,0.974134,1.143138,0.470501
497,4.141667,1.0639,1.353773,0.726293,1.025498,1.497709,0.826298,1.02136,1.200986,0.558857,0.964259,1.142341,0.467381
498,4.15,1.058128,1.353068,0.721859,1.021251,1.497509,0.821827,1.012846,1.200307,0.554884,0.954353,1.141458,0.4644
499,4.158333,1.052233,1.352465,0.717548,1.017165,1.497011,0.81785,1.004399,1.199595,0.551152,0.944493,1.140766,0.461562
500,4.166667,1.046392,1.35166,0.713257,1.012838,1.496628,0.8136,0.995966,1.198577,0.547426,0.934602,1.140056,0.458873
501,4.175,1.040489,1.351077,0.709051,1.008431,1.496335,0.809703,0.987334,1.19787,0.543924,0.924736,1.139401,0.456334
502,4.183333,1.034222,1.350552,0.704725,1.003952,1.495991,0.805535,0.978826,1.19733,0.540568,0.914782,1.138734,0.453892
503,4.191667,1.02838,1.350016,0.700626,0.999316,1.495795,0.801541,0.970127,1.196689,0.537354,0.904864,1.138191,0.451612
504,4.2,1.022045,1.349505,0.69647,0.994688,1.495494,0.797914,0.961477,1.196068,0.534283,0.894834,1.137574,0.449541
505,4.208333,1.015778,1.349089,0.692461,0.989868,1.495333,0.794176,0.952755,1.19568,0.5313,0.884951,1.137067,0.44754
506,4.216667,1.009368,1.348624,0.68859,0.985009,1.495163,0.790532,0.944169,1.19521,0.528482,0.875101,1.136636,0.445676
507,4.225,1.002953,1.348249,0.684831,0.980079,1.495063,0.786933,0.935449,1.194723,0.525664,0.86529,1.136212,0.443856
508,4.233333,0.996501,1.347912,0.681085,0.975105,1.49465,0.783732,0.926767,1.1943,0.523016,0.855517,1.135804,0.442113
509,4.241667,0.989997,1.347454,0.677452,0.970191,1.494639,0.780201,0.918188,1.19384,0.520445,0.845692,1.135375,0.440511
510,4.25,0.983504,1.347123,0.673795,0.965105,1.494142,0.777107,0.909527,1.1934,0.517927,0.835995,1.13508,0.438938
511,4.258333,0.97696,1.346556,0.670307,0.960107,1.49406,0.773617,0.900938,1.193024,0.515468,0.82633,1.134749,0.437387
512,4.266667,0.970316,1.346207,0.666947,0.954993,1.493396,0.770678,0.892267,1.192577,0.51309,0.816723,1.134374,0.435914
513,4.275,0.963831,1.345598,0.663467,0.949966,1.493083,0.767295,0.883603,1.192121,0.510785,0.807165,1.134097,0.434507
514,4.283333,0.957274,1.344992,0.660139,0.944939,1.492597,0.764073,0.875186,1.191627,0.508597,0.797645,1.133777,0.433186
515,4.291667,0.950793,1.34436,0.656915,0.939728,1.492017,0.761023,0.866596,1.191059,0.506433,0.788019,1.133364,0.431947
516,4.3,0.944409,1.343763,0.653579,0.934825,1.491302,0.757901,0.858163,1.190528,0.504301,0.778603,1.133063,0.430726
517,4.308333,0.937943,1.342968,0.650522,0.929667,1.490691,0.754904,0.849652,1.189952,0.502188,0.769207,1.132729,0.429559
518,4.316667,0.931564,1.34222,0.647374,0.924607,1.490027,0.751686,0.841316,1.189422,0.500184,0.759956,1.132379,0.42842
519,4.325,0.925181,1.341409,0.644399,0.919487,1.489151,0.748848,0.833103,1.188843,0.498241,0.750676,1.132087,0.427413
520,4.333333,0.918732,1.340641,0.641333,0.914476,1.488803,0.745681,0.824704,1.18825,0.496382,0.741528,1.131639,0.426438
521,4.341667,0.912357,1.339984,0.63836,0.909282,1.487996,0.742739,0.816555,1.187689,0.494564,0.73245,1.131333,0.425494
522,4.35,0.905952,1.339277,0.635534,0.90435,1.487693,0.739591,0.808291,1.18712,0.492845,0.723443,1.130862,0.424703
523,4.358333,0.89953,1.338629,0.632645,0.899443,1.487278,0.73651,0.800282,1.186568,0.491143,0.714493,1.130445,0.423948
524,4.366667,0.893262,1.338077,0.629772,0.894182,1.486947,0.733506,0.7923,1.186039,0.489518,0.705755,1.130053,0.423192
525,4.375,0.886913,1.337591,0.626948,0.889276,1.486824,0.730264,0.784336,1.185495,0.488037,0.697121,1.129578,0.422576
526,4.383333,0.880583,1.337225,0.624155,0.884061,1.486431,0.727531,0.77647,1.185081,0.486622,0.688487,1.129213,0.422119
527,4.391667,0.874362,1.336947,0.621363,0.878941,1.486643,0.724224,0.768641,1.184687,0.485211,0.679996,1.128768,0.421665
528,4.4,0.867964,1.336841,0.618567,0.873597,1.486669,0.721199,0.761032,1.184297,0.483865,0.671669,1.128436,0.421252
529,4.408333,0.861672,1.336601,0.615768,0.868383,1.486807,0.717964,0.753424,1.183945,0.482504,0.663291,1.128075,0.420913
530,4.416667,0.855402,1.336408,0.612994,0.86293,1.486906,0.714953,0.745773,1.183587,0.481192,0.655054,1.127808,0.420573
531,4.425,0.849134,1.336282,0.610148,0.85756,1.487203,0.711715,0.738286,1.183267,0.479862,0.64687,1.12746,0.420262
532,4.433333,0.842901,1.336079,0.607302,0.852199,1.487259,0.708708,0.730821,1.182985,0.478542,0.638738,1.127165,0.419959
533,4.441667,0.83662,1.335908,0.604452,0.846577,1.487275,0.705534,0.72337,1.182656,0.477199,0.630601,1.126795,0.419672
534,4.45,0.830238,1.335692,0.601484,0.841261,1.487455,0.702307,0.715983,1.182247,0.475855,0.622603,1.126391,0.419364
535,4.458333,0.823881,1.33543,0.59865,0.835661,1.487535,0.699049,0.708576,1.181872,0.47446,0.61458,1.125998,0.419079
536,4.466667,0.817545,1.335205,0.595715,0.83,1.48748,0.695967,0.701167,1.181491,0.473096,0.606721,1.125515,0.418671
537,4.475,0.811321,1.334789,0.592672,0.824313,1.487453,0.692729,0.693876,1.181122,0.471668,0.598704,1.125067,0.41839
538,4.483333,0.804868,1.334537,0.589774,0.818636,1.487375,0.689496,0.686541,1.180705,0.470193,0.590944,1.124558,0.41794
539,4.491667,0.798396,1.334306,0.586833,0.813159,1.487532,0.686062,0.679298,1.180257,0.46873,0.583181,1.124044,0.417534
540,4.5,0.791998,1.334075,0.583926,0.807414,1.487339,0.682942,0.672001,1.17981,0.467255,0.575401,1.123519,0.417126
541,4.508333,0.785443,1.333771,0.580975,0.801666,1.487355,0.679638,0.664834,1.179389,0.465721,0.567738,1.122939,0.416628
542,4.516667,0.778966,1.333542,0.578062,0.795908,1.487335,0.67623,0.657554,1.178905,0.464199,0.560078,1.122315,0.416152
543,4.525,0.772574,1.333289,0.575089,0.790118,1.487407,0.67289,0.650412,1.178433,0.462628,0.552514,1.12172,0.415559
544,4.533333,0.766131,1.33303,0.572212,0.784278,1.487086,0.669892,0.643225,1.177942,0.461061,0.545008,1.121021,0.414961
545,4.541667,0.759715,1.332786,0.569253,0.778382,1.487073,0.666534,0.636125,1.177377,0.459451,0.537537,1.12031,0.414336
546,4.55,0.753292,1.332469,0.566295,0.772468,1.487096,0.663071,0.62904,1.176773,0.457798,0.530139,1.119531,0.413684
547,4.558333,0.746839,1.332131,0.563363,0.766543,1.487148,0.659704,0.621963,1.176166,0.456189,0.522712,1.118787,0.412991
548,4.566667,0.740311,1.331823,0.560409,0.760586,1.486889,0.656603,0.614829,1.175567,0.454557,0.515277,1.117898,0.412344
549,4.575,0.733691,1.331485,0.557482,0.754534,1.486672,0.65342,0.607747,1.174907,0.452917,0.507926,1.117069,0.411606
550,4.583333,0.727054,1.331134,0.554497,0.748618,1.48672,0.649973,0.600662,1.174271,0.451241,0.500616,1.116253,0.410868
551,4.591667,0.720408,1.330728,0.551591,0.742476,1.486343,0.646789,0.593602,1.17363,0.44956,0.493307,1.115446,0.410088
552,4.6,0.713639,1.330358,0.548681,0.736242,1.485951,0.643516,0.586447,1.173017,0.447924,0.485976,1.114625,0.409297
553,4.608333,0.706934,1.329996,0.545793,0.730196,1.485897,0.639974,0.579351,1.17239,0.446264,0.47867,1.113793,0.408491
554,4.616667,0.700307,1.329661,0.542965,0.724183,1.485702,0.636946,0.572259,1.171802,0.444656,0.471339,1.11302,0.407743
555,4.625,0.693623,1.329322,0.540153,0.718293,1.485526,0.633985,0.565158,1.171232,0.443073,0.464022,1.11228,0.407001
556,4.633333,0.687026,1.32904,0.537468,0.712459,1.4856,0.630929,0.558086,1.17068,0.441477,0.456727,1.111638,0.406238
557,4.641667,0.680518,1.328769,0.534769,0.706726,1.485466,0.627852,0.551043,1.170187,0.439942,0.449456,1.11097,0.405515
558,4.65,0.674,1.328505,0.53218,0.700952,1.485534,0.624837,0.54401,1.169675,0.438407,0.442271,1.110312,0.404767
559,4.658333,0.667624,1.32828,0.529528,0.695176,1.485402,0.621831,0.537028,1.169196,0.436865,0.435078,1.109747,0.403991
560,4.666667,0.661246,1.328038,0.526873,0.689546,1.485602,0.618617,0.530072,1.168712,0.435386,0.427928,1.10919,0.403261
561,4.675,0.654944,1.32783,0.524139,0.683857,1.485205,0.615538,0.523178,1.16827,0.433849,0.420773,1.108616,0.402533
562,4.683333,0.648681,1.327581,0.521424,0.678166,1.485259,0.612421,0.51629,1.167853,0.432357,0.413636,1.108138,0.401849
563,4.691667,0.642402,1.327345,0.518659,0.672544,1.485269,0.609258,0.509398,1.167417,0.430799,0.406588,1.107713,0.401136
564,4.7,0.636204,1.327124,0.5159,0.666941,1.4849,0.606221,0.502505,1.167033,0.429288,0.3994,1.107247,0.400421
565,4.708333,0.630002,1.326865,0.513096,0.661292,1.485018,0.60297,0.495609,1.166665,0.427684,0.392217,1.106916,0.399691
566,4.716667,0.623823,1.326575,0.510288,0.655692,1.484702,0.599914,0.488669,1.16636,0.426078,0.384956,1.106608,0.398949
567,4.725,0.617628,1.326294,0.507468,0.65027,1.484253,0.596795,0.481652,1.166034,0.424462,0.377712,1.106374,0.398197
568,4.733333,0.611478,1.325941,0.504561,0.644753,1.484125,0.593533,0.474608,1.165834,0.422833,0.370379,1.106262,0.397389
569,4.741667,0.605288,1.325511,0.501693,0.63934,1.483759,0.590333,0.467521,1.165597,0.421166,0.362985,1.106177,0.396619
570,4.75,0.599107,1.325087,0.498824,0.63388,1.483324,0.587202,0.460449,1.165454,0.419494,0.35557,1.106262,0.395744
571,4.758333,0.592925,1.324666,0.495954,0.628549,1.482871,0.583889,0.453337,1.165319,0.4178,0.348206,1.106373,0.394916
572,4.766667,0.586785,1.324224,0.493018,0.623223,1.482567,0.580581,0.446184,1.165195,0.416068,0.340755,1.106484,0.394018
573,4.775,0.58057,1.32387,0.490158,0.617908,1.482329,0.577177,0.439039,1.165094,0.414364,0.333369,1.106554,0.393062
574,4.783333,0.574302,1.323574,0.487276,0.612475,1.482196,0.573782,0.431914,1.164973,0.412598,0.326046,1.106604,0.39209
575,4.791667,0.568053,1.32347,0.484403,0.60717,1.482335,0.570158,0.424828,1.164942,0.410884,0.318777,1.106614,0.391074
576,4.8,0.561703,1.32359,0.481548,0.601722,1.482562,0.566605,0.417799,1.164986,0.409111,0.311568,1.106631,0.390013
577,4.808333,0.555404,1.323901,0.478684,0.596149,1.482877,0.563056,0.410857,1.165071,0.407357,0.304442,1.106744,0.388862
578,4.816667,0.549008,1.324188,0.475845,0.590427,1.48315,0.55972,0.403958,1.165228,0.405603,0.297359,1.106918,0.387725
579,4.825,0.542533,1.324448,0.472957,0.584652,1.483355,0.556366,0.39707,1.165347,0.403781,0.290302,1.107248,0.386547
580,4.833333,0.536055,1.324536,0.469993,0.578545,1.483321,0.553254,0.390126,1.165523,0.401917,0.283018,1.107576,0.385303
581,4.841667,0.529506,1.324452,0.466981,0.572542,1.483248,0.550005,0.383148,1.165645,0.399954,0.275731,1.108016,0.384172
582,4.85,0.522913,1.324189,0.463988,0.566266,1.482902,0.547012,0.375974,1.165764,0.39803,0.268312,1.10837,0.383059
583,4.858333,0.516338,1.323761,0.460999,0.560114,1.482473,0.543894,0.368706,1.165865,0.396086,0.260921,1.108816,0.38197
584,4.866667,0.509662,1.323305,0.458138,0.553958,1.481965,0.540844,0.361426,1.165917,0.394172,0.253488,1.109179,0.380988
585,4.875,0.503011,1.32294,0.455285,0.547741,1.481579,0.537759,0.35416,1.165973,0.392323,0.246058,1.109455,0.379889
586,4.883333,0.496292,1.322702,0.45254,0.541646,1.481356,0.534733,0.346922,1.166048,0.390521,0.238757,1.109753,0.378773
587,4.891667,0.489521,1.322615,0.449938,0.53563,1.481245,0.531726,0.33972,1.166188,0.388803,0.231487,1.110016,0.377517
588,4.9,0.482738,1.322692,0.447449,0.529661,1.481419,0.528739,0.33264,1.166403,0.387061,0.224382,1.110293,0.376307
589,4.908333,0.476,1.322894,0.445032,0.523897,1.48141,0.525823,0.325742,1.166631,0.385302,0.217299,1.110651,0.374972
590,4.916667,0.469322,1.323182,0.442734,0.518069,1.481695,0.522948,0.3189,1.166929,0.38358,0.210256,1.111044,0.373606
591,4.925,0.462831,1.323518,0.44037,0.512328,1.481963,0.520044,0.31205,1.167285,0.381847,0.203366,1.111425,0.372167
592,4.933333,0.456385,1.323833,0.438045,0.506495,1.48235,0.517151,0.305255,1.167596,0.380069,0.196471,1.111867,0.370823
593,4.941667,0.450177,1.324183,0.435571,0.500675,1.482648,0.514275,0.298495,1.16788,0.378251,0.189595,1.112238,0.369394
594,4.95,0.443886,1.324473,0.433116,0.494721,1.483042,0.511423,0.291666,1.168205,0.376478,0.1827,1.112638,0.368049
595,4.958333,0.4376,1.324723,0.430582,0.488724,1.483314,0.508618,0.284907,1.168506,0.374684,0.175682,1.113042,0.366662
596,4.966667,0.431343,1.324957,0.427962,0.482611,1.483599,0.505853,0.278164,1.168817,0.372914,0.168839,1.11347,0.365339
597,4.975,0.42495,1.325142,0.425445,0.476337,1.483972,0.503137,0.271423,1.169094,0.371125,0.16203,1.113802,0.363984
598,4.983333,0.418563,1.325314,0.422836,0.47012,1.484029,0.50044,0.26465,1.169333,0.369286,0.155174,1.11412,0.362596
599,4.991667,0.412102,1.325397,0.420277,0.463717,1.484129,0.497801,0.257887,1.169542,0.367427,0.148336,1.114474,0.361075
600,5,0.405496,1.325414,0.41782,0.457317,1.484134,0.495139,0.251041,1.169704,0.365528,0.141444,1.114728,0.359577
601,5.008333,0.398874,1.325375,0.415326,0.450945,1.484014,0.492483,0.244217,1.169787,0.363527,0.134507,1.114989,0.357897
602,5.016667,0.392116,1.32524,0.412904,0.444531,1.483778,0.489815,0.237355,1.169792,0.361454,0.127559,1.115185,0.356245
603,5.025,0.385398,1.325024,0.410392,0.438102,1.483487,0.487162,0.230447,1.169812,0.359381,0.120618,1.115372,0.354481
604,5.033333,0.378552,1.324707,0.407999,0.431597,1.483128,0.484546,0.223414,1.169715,0.357302,0.113487,1.115491,0.352698
605,5.041667,0.371739,1.324364,0.40553,0.425157,1.482614,0.481944,0.216395,1.169619,0.355157,0.10637,1.115529,0.350864
606,5.05,0.364894,1.323944,0.403137,0.418634,1.482113,0.479347,0.209339,1.169464,0.352987,0.099163,1.11553,0.348928
607,5.058333,0.3581,1.323476,0.400709,0.412143,1.481444,0.47685,0.202205,1.169222,0.35079,0.092023,1.115434,0.347027
608,5.066667,0.351338,1.322954,0.398341,0.405785,1.480667,0.474298,0.195063,1.16897,0.348644,0.084854,1.115268,0.34507
609,5.075,0.344605,1.322436,0.395908,0.399324,1.479927,0.471821,0.187907,1.168655,0.346462,0.077594,1.11507,0.342992
610,5.083333,0.337855,1.321865,0.393561,0.39295,1.479183,0.469324,0.180808,1.168299,0.344222,0.070387,1.114855,0.340891
611,5.091667,0.331199,1.32125,0.39121,0.386547,1.478413,0.466882,0.173757,1.167905,0.342034,0.063215,1.11462,0.33874
612,5.1,0.324501,1.320617,0.388957,0.380137,1.477593,0.464444,0.16668,1.167438,0.339784,0.056104,1.114361,0.336449
613,5.108333,0.317943,1.319944,0.386645,0.373728,1.47685,0.462043,0.159726,1.167045,0.3375,0.049064,1.114112,0.334117
614,5.116667,0.311287,1.319286,0.384478,0.367294,1.476017,0.459679,0.152742,1.166556,0.33514,0.041985,1.113808,0.331709
615,5.125,0.304727,1.318571,0.382272,0.360807,1.475244,0.457315,0.145788,1.166053,0.332872,0.03494,1.113452,0.329301
616,5.133333,0.298105,1.317859,0.380112,0.354211,1.474611,0.45504,0.138902,1.165567,0.330467,0.027944,1.11312,0.326798
617,5.141667,0.291446,1.317209,0.378011,0.347779,1.473724,0.452771,0.131997,1.16514,0.328191,0.020962,1.112819,0.324377
618,5.15,0.284875,1.31654,0.375864,0.341258,1.472984,0.450551,0.125103,1.164671,0.325872,0.014036,1.112521,0.32184
619,5.158333,0.27821,1.31591,0.373702,0.334736,1.472237,0.448393,0.118273,1.164236,0.323518,0.007109,1.112194,0.319373
620,5.166667,0.27161,1.315292,0.371605,0.32821,1.471489,0.446295,0.111402,1.163808,0.321182,0.000209,1.111874,0.316788
621,5.175,0.264978,1.314619,0.369465,0.321721,1.470755,0.444209,0.104551,1.163362,0.318873,-0.006712,1.111614,0.314141
622,5.183333,0.258371,1.314041,0.36733,0.315211,1.470003,0.442171,0.097789,1.162969,0.316413,-0.013567,1.111359,0.311426
623,5.191667,0.251794,1.313355,0.365292,0.308695,1.46925,0.440183,0.091014,1.162533,0.313998,-0.020411,1.111137,0.308552
624,5.2,0.245253,1.312672,0.363276,0.302178,1.468489,0.438224,0.084267,1.162136,0.311408,-0.027221,1.110882,0.305778
625,5.208333,0.238689,1.311981,0.361274,0.295601,1.467762,0.436267,0.077517,1.161703,0.308935,-0.034004,1.110694,0.302834
626,5.216667,0.232106,1.311351,0.359247,0.288929,1.467051,0.434381,0.070773,1.161289,0.306392,-0.040777,1.110527,0.29992
627,5.225,0.225487,1.310683,0.357277,0.282193,1.466382,0.432486,0.064068,1.16095,0.30384,-0.047561,1.110312,0.296925
628,5.233333,0.2189,1.310091,0.355357,0.275368,1.46583,0.430677,0.057369,1.160569,0.301242,-0.054252,1.110132,0.2938
629,5.241667,0.212123,1.309604,0.353415,0.268396,1.465274,0.428974,0.050659,1.160181,0.298702,-0.061022,1.109823,0.290734
630,5.25,0.205294,1.309168,0.351535,0.261325,1.464846,0.427263,0.043893,1.159748,0.296095,-0.067635,1.109666,0.287547
631,5.258333,0.198389,1.30877,0.34964,0.254117,1.464434,0.42567,0.037523,1.159496,0.293531,-0.074226,1.109449,0.284318
632,5.266667,0.191506,1.308507,0.347821,0.246829,1.46413,0.424096,0.030922,1.159247,0.290833,-0.080827,1.109186,0.281031
633,5.275,0.184611,1.308292,0.346067,0.239427,1.464285,0.422541,0.02436,1.158984,0.288184,-0.087291,1.109,0.2777
634,5.283333,0.177633,1.308128,0.344312,0.232189,1.464164,0.421117,0.017762,1.15876,0.285463,-0.093786,1.108812,0.2743
635,5.291667,0.170608,1.308049,0.342562,0.225266,1.464221,0.41985,0.011126,1.158641,0.282754,-0.100296,1.10857,0.27086
636,5.3,0.163589,1.307954,0.340835,0.218014,1.464222,0.41852,0.004572,1.158576,0.279956,-0.106775,1.108398,0.267366
637,5.308333,0.156576,1.307977,0.33907,0.210682,1.464299,0.417215,-0.001999,1.158507,0.277194,-0.113186,1.108257,0.263859
638,5.316667,0.149548,1.308015,0.337344,0.203192,1.464362,0.415989,-0.008558,1.15845,0.274374,-0.119638,1.10813,0.260348
639,5.325,0.142495,1.308159,0.335602,0.195832,1.46465,0.414715,-0.015469,1.158487,0.271481,-0.12604,1.107958,0.256762
640,5.333333,0.135437,1.308416,0.333889,0.188484,1.465235,0.41331,-0.021941,1.158585,0.268668,-0.132427,1.107795,0.253163
641,5.341667,0.128327,1.308869,0.332218,0.181056,1.465868,0.411974,-0.02853,1.158805,0.265988,-0.138731,1.107681,0.249545
642,5.35,0.121207,1.309495,0.330572,0.173596,1.466546,0.410729,-0.034928,1.159127,0.26322,-0.144959,1.10756,0.245885
643,5.358333,0.114079,1.310335,0.328996,0.166264,1.467616,0.409428,-0.0414,1.159546,0.260554,-0.1511,1.107502,0.242102
644,5.366667,0.106953,1.311266,0.327388,0.158904,1.468569,0.408216,-0.047666,1.16006,0.257736,-0.157135,1.107588,0.238255
645,5.375,0.099845,1.312327,0.325682,0.151594,1.469672,0.407002,-0.054001,1.16064,0.254882,-0.163161,1.107728,0.23439
646,5.383333,0.09275,1.313426,0.323919,0.144318,1.470642,0.405843,-0.060256,1.161319,0.251976,-0.1692,1.108042,0.23059
647,5.391667,0.085704,1.3145,0.322163,0.137154,1.471768,0.404522,-0.066537,1.162106,0.249019,-0.175261,1.108473,0.22681
648,5.4,0.078798,1.315603,0.320266,0.129946,1.472723,0.403221,-0.072796,1.162935,0.246119,-0.1814,1.108997,0.223093
649,5.408333,0.072039,1.316653,0.31835,0.122933,1.473654,0.401739,-0.078955,1.163808,0.243053,-0.188057,1.10938,0.219696
650,5.416667,0.065527,1.317707,0.316428,0.116016,1.474482,0.400292,-0.085155,1.164706,0.240161,-0.19401,1.110321,0.215755
651,5.425,0.059047,1.318672,0.314499,0.109281,1.475339,0.398731,-0.091348,1.165638,0.237028,-0.19932,1.111219,0.212022
652,5.433333,0.052676,1.319544,0.31251,0.102644,1.476087,0.397043,-0.097488,1.166553,0.233976,-0.205249,1.111994,0.208297
653,5.441667,0.0465,1.320488,0.310445,0.096191,1.476961,0.39528,-0.103468,1.167473,0.230912,-0.210962,1.112818,0.204417
654,5.45,0.040419,1.321442,0.308345,0.089841,1.477758,0.393567,-0.109266,1.168423,0.227845,-0.216601,1.113628,0.200566
655,5.458333,0.034398,1.322409,0.306338,0.0837,1.478662,0.391667,-0.114966,1.169401,0.224648,-0.222041,1.114486,0.196655
656,5.466667,0.028518,1.323517,0.304242,0.077751,1.479515,0.389739,-0.120655,1.170365,0.221541,-0.227438,1.115331,0.192638
657,5.475,0.022718,1.324599,0.302082,0.071801,1.480486,0.387802,-0.126203,1.171322,0.218285,-0.232643,1.11624,0.188555
658,5.483333,0.017011,1.325628,0.300004,0.065835,1.481229,0.385931,-0.131563,1.172307,0.21507,-0.237864,1.117109,0.184571
659,5.491667,0.011355,1.326671,0.297823,0.060051,1.482302,0.383843,-0.136933,1.173271,0.211714,-0.242907,1.117979,0.180442
660,5.5,0.005869,1.327706,0.295547,0.054032,1.483053,0.38195,-0.142131,1.174278,0.208448,-0.247907,1.118862,0.176358
661,5.508333,0.000386,1.32869,0.293159,0.048247,1.484169,0.379784,-0.14732,1.175236,0.205127,-0.252792,1.119724,0.172368
662,5.516667,-0.005023,1.329668,0.290778,0.04221,1.484998,0.3778,-0.152447,1.176222,0.201764,-0.257656,1.120623,0.168305
663,5.525,-0.010551,1.330541,0.288271,0.036247,1.485822,0.375703,-0.157344,1.177158,0.198424,-0.262461,1.121459,0.164226
664,5.533333,-0.015963,1.331372,0.285695,0.03034,1.48665,0.373552,-0.162416,1.178022,0.194917,-0.267214,1.122254,0.160218
665,5.541667,-0.021408,1.33218,0.282993,0.024293,1.487177,0.371451,-0.167431,1.178813,0.191344,-0.271884,1.122975,0.155997
666,5.55,-0.026865,1.332922,0.280209,0.018497,1.487975,0.369059,-0.172324,1.179515,0.187771,-0.276567,1.123554,0.151761
667,5.558333,-0.032348,1.333495,0.2774,0.012487,1.488249,0.366821,-0.177252,1.180168,0.183974,-0.281342,1.12406,0.147507
668,5.566667,-0.037851,1.333959,0.274441,0.006695,1.48867,0.364338,-0.182128,1.18063,0.1802,-0.285979,1.124531,0.143123
669,5.575,-0.04335,1.33432,0.271518,0.00076,1.488762,0.361895,-0.187135,1.180928,0.176303,-0.290767,1.124841,0.138679
670,5.583333,-0.04883,1.334617,0.26839,-0.005068,1.488754,0.359427,-0.192176,1.181293,0.172266,-0.295568,1.125169,0.134305
671,5.591667,-0.054304,1.334737,0.265324,-0.010855,1.488677,0.35674,-0.197215,1.181518,0.16828,-0.300296,1.125408,0.1298
672,5.6,-0.05976,1.334796,0.262121,-0.016736,1.488461,0.354071,-0.202206,1.181679,0.164156,-0.305215,1.125525,0.125192
673,5.608333,-0.065255,1.334784,0.258868,-0.022391,1.488366,0.351105,-0.207216,1.181842,0.159967,-0.310053,1.125633,0.120486
674,5.616667,-0.070776,1.334632,0.255566,-0.028156,1.488037,0.348189,-0.212394,1.181797,0.155734,-0.314919,1.125693,0.115648
675,5.625,-0.076239,1.334474,0.252186,-0.03392,1.487619,0.345234,-0.217467,1.181802,0.151522,-0.319774,1.125681,0.110822
676,5.633333,-0.081735,1.334139,0.248841,-0.039804,1.487075,0.342223,-0.222659,1.181623,0.147207,-0.324693,1.125663,0.105952
677,5.641667,-0.08718,1.33382,0.245385,-0.045647,1.486529,0.339029,-0.227735,1.181495,0.142782,-0.329566,1.125553,0.100988
678,5.65,-0.092608,1.333431,0.24182,-0.051477,1.485921,0.33581,-0.23275,1.181257,0.138318,-0.334466,1.125311,0.096004
679,5.658333,-0.098139,1.33289,0.238231,-0.05731,1.485243,0.332453,-0.237981,1.180941,0.133783,-0.339349,1.125034,0.090884
680,5.666667,-0.103704,1.332386,0.23457,-0.063218,1.484568,0.32898,-0.243073,1.180516,0.129182,-0.344352,1.124575,0.085745
681,5.675,-0.109271,1.331806,0.230767,-0.069111,1.483993,0.325327,-0.248263,1.179961,0.124502,-0.349234,1.124042,0.080561
682,5.683333,-0.114888,1.331187,0.226892,-0.075074,1.483254,0.321692,-0.25342,1.179405,0.119826,-0.354259,1.123432,0.075365
683,5.691667,-0.120563,1.33057,0.222889,-0.081099,1.482402,0.317917,-0.258698,1.178795,0.115055,-0.359246,1.122757,0.070174
684,5.7,-0.126305,1.329949,0.218835,-0.087154,1.48158,0.314095,-0.263941,1.178168,0.110246,-0.364291,1.122113,0.064965
685,5.708333,-0.132048,1.329234,0.214697,-0.093107,1.480766,0.3101,-0.269386,1.177479,0.105465,-0.369647,1.121386,0.059829
686,5.716667,-0.137796,1.328542,0.210422,-0.099089,1.479899,0.306044,-0.274818,1.176775,0.100595,-0.374683,1.120751,0.054574
687,5.725,-0.143525,1.327831,0.205987,-0.10508,1.478975,0.301884,-0.280219,1.176102,0.095632,-0.380114,1.120026,0.049322
688,5.733333,-0.149332,1.326966,0.201556,-0.11094,1.478075,0.297525,-0.285752,1.175362,0.090703,-0.385244,1.11932,0.044032
689,5.741667,-0.155108,1.326126,0.197035,-0.116816,1.477171,0.29307,-0.291162,1.174631,0.085639,-0.391592,1.118437,0.038658
690,5.75,-0.160791,1.325361,0.192377,-0.122709,1.476313,0.288513,-0.296655,1.173837,0.080529,-0.397001,1.117654,0.033176
691,5.758333,-0.166551,1.32448,0.187701,-0.128549,1.475588,0.283867,-0.302189,1.173045,0.075377,-0.402269,1.11686,0.027662
692,5.766667,-0.17228,1.323638,0.182882,-0.134414,1.474769,0.279148,-0.307683,1.172259,0.070107,-0.40773,1.116049,0.022077
693,5.775,-0.178064,1.322827,0.178012,-0.140268,1.473922,0.274224,-0.313255,1.171398,0.064793,-0.41284,1.115237,0.016382
